,loan_amount,loan_days,gender_id,birth_date,children_count_id,education_id,fact_addr_owner_type_id,has_immovables,has_movables,employment_type_id,organization_type_id,organization_branch_id,empoyees_count_id,seniority_years,monthly_income,income_frequency_id,income_source_id,monthly_expenses,other_loans_has_closed,other_loans_active,other_loans_about_current,other_loans_about_monthly,product_id,product_dpr,product_amount_from,product_amount_to,product_interest_min,product_base_amount_limit,amount_limit,applied_limit,amount_to_pay
0,3000,30,1,1995-02-03 00:00:00,1,5,4,0,0,1,1,0,0,5,15000,2,1,4000,0,1,0,4263,30,1.8,500,4000,50,4000,3000,3000,0
1,1000,7,1,1984-01-19 00:00:00,2,4,0,0,0,1,4,0,0,8,11000,2,1,5000,1,2,1500,800,57,0,0,1000,120,1000,4500,1000,0
2,1000,3,2,1994-08-02 00:00:00,1,4,2,0,0,1,999,0,0,5,10000,2,1,5000,0,0,0,0,10,1.9,500,8000,50,8000,1000,1000,1088
3,1600,30,1,1992-11-12 00:00:00,1,3,3,0,0,1,1,0,0,3,8000,2,1,3000,0,0,0,0,2,1.8,500,8000,50,8000,1600,1600,0
4,2500,18,2,1997-10-22 00:00:00,1,5,3,1,0,1,2,0,0,1,9000,2,1,8000,1,2,2000,1500,10,1.9,500,8000,50,8000,2500,2500,3402.5
5,1000,30,2,1996-06-12 00:00:00,1,3,3,0,0,1,2,0,0,1,6500,2,1,3000,1,0,0,0,32,1.8,500,8000,50,8000,6000,6000,0
6,1300,30,1,1993-04-05 00:00:00,1,5,1,1,0,3,0,0,0,5,20000,999,2,7000,0,0,0,0,2,1.8,500,8000,50,8000,1300,1300,2028.6
7,2000,14,1,1984-09-17 00:00:00,2,5,3,0,0,1,2,0,0,13,14000,2,1,7000,0,0,0,0,10,1.9,500,8000,50,8000,2500,2500,0
8,2500,12,1,1986-09-27 00:00:00,1,5,1,0,0,1,999,0,0,10,15000,1,1,12000,0,0,0,0,35,1.53,500,8000,50,8000,3000,3000,0
9,1000,7,2,1991-06-15 00:00:00,1,6,4,0,0,1,999,8,2,4,7200,2,1,4000,0,1,300,150,57,0,0,1000,120,1000,7500,1000,0
10,2000,30,2,1981-08-21 00:00:00,3,3,1,0,0,3,999,0,0,14,15000,2,1,2000,0,3,20000,15000,31,1.8,500,5500,50,5500,2000,2000,0
11,1400,3,2,1994-04-04 00:00:00,1,4,2,0,0,8,0,999,1,6,25000,2,999,15000,0,0,0,0,30,1.8,500,4000,50,4000,2000,2000,0
12,2500,30,1,1991-06-27 00:00:00,2,3,2,0,0,1,4,0,0,8,14000,2,1,4500,0,0,0,0,10,1.9,500,8000,50,8000,2500,2500,3927.5
13,2000,30,1,1998-03-11 00:00:00,1,4,2,0,0,1,3,0,0,1,9000,1,1,3000,1,0,0,0,36,1.43,500,8000,50,8000,2000,2000,0
14,1500,30,1,1996-08-09 00:00:00,1,2,1,0,0,4,0,0,0,1,10000,1,999,3000,0,3,5000,500,35,1.53,500,8000,50,8000,1500,1500,2215.55
15,1000,30,1,1995-02-25 00:00:00,1,5,3,0,0,3,1,0,0,1,2000,2,1,500,0,0,0,0,32,1.8,500,8000,50,8000,2000,2000,0
16,800,3,1,1976-07-19 00:00:00,1,5,1,1,0,1,999,0,0,20,9000,2,1,5000,1,1,0,500,32,1.8,500,8000,50,8000,6000,6000,0
17,1200,9,2,1991-02-27 00:00:00,1,3,2,0,1,1,999,0,0,8,30000,2,999,15999,1,0,0,0,30,1.8,500,4000,50,4000,1500,1500,1422.8
18,3000,30,1,1990-05-08 00:00:00,1,4,3,0,0,1,999,0,0,8,10000,1,1,3000,0,0,0,0,31,1.8,500,5500,50,5500,3000,3000,4620
19,1950,30,1,1997-07-13 00:00:00,1,3,4,0,0,1,999,0,0,2,7900,1,1,4500,1,1,2000,1000,31,1.8,500,5500,50,5500,1950,1950,0
20,1700,9,1,1991-11-18 00:00:00,1,5,1,0,0,4,0,0,0,5,5000,2,1,3500,0,0,0,0,32,1.8,500,8000,50,8000,8000,8000,0
21,3050,20,1,1983-12-14 00:00:00,2,2,2,1,0,3,999,0,0,15,12000,2,1,5000,1,3,3000,3000,32,1.8,500,8000,50,8000,4000,4000,0
22,1500,30,1,1986-04-15 00:00:00,2,3,1,0,0,2,4,0,0,15,10000,1,999,5000,0,0,0,0,10,1.9,500,8000,50,8000,1500,1500,0
23,1500,10,1,1986-09-08 00:00:00,2,5,3,0,0,1,999,0,0,13,12000,2,1,2000,0,0,0,0,10,1.9,500,8000,50,8000,1500,1500,1806.5
24,1000,30,1,1994-07-09 00:00:00,1,5,1,0,0,1,999,0,0,1,10000,1,1,5000,0,0,0,0,36,1.43,500,8000,50,8000,3500,3500,0
25,3000,16,2,1995-08-01 00:00:00,1,4,3,0,0,3,999,0,0,4,10000,2,1,3000,0,0,0,0,12,1.33,500,3500,50,3500,3000,3000,0
26,1500,8,1,2000-08-15 00:00:00,1,2,3,0,0,6,0,0,0,1,5600,2,1,3400,0,0,0,0,31,1.8,500,5500,50,5500,1500,1500,1739
27,500,30,2,1988-09-30 00:00:00,2,3,2,0,0,1,2,0,0,3,3100,2,1,31000,0,0,0,0,31,1.8,500,5500,50,5500,2000,2000,0
28,2000,14,2,1995-04-19 00:00:00,1,5,4,0,0,1,2,0,0,3,20000,2,1,10000,1,1,4000,300,10,1.9,500,8000,50,8000,2500,2500,0
29,1000,7,1,1988-09-05 00:00:00,1,5,1,1,0,1,999,0,0,7,8000,2,2,3000,1,2,2000,2000,57,0,0,1000,120,1000,3000,1000,1000
30,1000,10,1,1988-07-09 00:00:00,1,5,3,0,0,2,999,0,0,12,12000,2,4,8000,0,0,0,2000,10,1.9,500,8000,50,8000,1000,1000,0
31,3000,19,1,1986-07-24 00:00:00,1,5,1,1,1,1,1,0,0,15,14000,2,1,9000,0,1,3500,600,30,1.8,500,4000,50,4000,3000,3000,4026
32,1000,30,1,1994-05-27 00:00:00,1,4,3,1,0,3,1,0,0,3,20000,2,2,7000,1,3,0,2000,31,1.8,500,5500,50,5500,1000,1000,1572
33,3000,30,2,1969-08-28 00:00:00,1,5,3,0,0,1,999,0,0,27,9000,2,1,5000,1,0,0,0,30,1.8,500,4000,50,4000,3000,3000,0
34,500,7,1,2000-10-02 00:00:00,1,3,4,1,0,1,999,0,0,1,14200,1,1,8000,0,0,0,0,10,1.9,500,8000,50,8000,1000,1000,607
35,1500,21,1,1985-02-01 00:00:00,2,5,1,1,1,8,0,6,0,18,35000,999,999,12000,1,3,20000,6000,10,1.9,500,8000,50,8000,1500,1500,0
36,550,25,1,1995-03-01 00:00:00,1,3,3,0,1,1,999,0,0,2,2000,2,1,7000,1,2,4000,800,10,1.9,500,8000,50,8000,1000,1000,850.8
37,500,30,1,1985-08-11 00:00:00,1,2,2,0,0,1,2,0,0,15,12000,2,1,3500,0,1,2500,500,31,1.8,500,5500,50,5500,1500,1500,-32
38,3950,14,1,1988-07-05 00:00:00,2,5,3,0,0,8,0,6,1,10,18000,2,1,10000,0,0,20000,0,31,1.8,500,5500,50,5500,4000,4000,0
39,1600,30,2,1988-03-31 00:00:00,2,3,2,0,0,4,0,0,0,5,9300,1,4,6900,0,0,0,0,12,1.33,500,3500,50,3500,8000,3500,0
40,1500,30,2,1985-02-01 00:00:00,3,5,3,0,0,1,4,0,0,10,8000,2,1,1500,0,0,0,0,36,1.43,500,8000,50,8000,1500,1500,0
41,6000,10,1,1981-10-22 00:00:00,3,5,2,1,1,8,0,9,1,10,20000,999,999,10000,1,1,40000,3500,35,1.53,500,8000,50,8000,6000,6000,0
42,1500,30,1,1998-07-06 00:00:00,1,3,3,0,0,1,1,0,0,2,7000,1,1,4000,0,0,0,0,30,1.8,500,4000,50,4000,1500,1500,2333
43,4000,24,2,1988-07-24 00:00:00,1,3,1,0,0,1,4,0,0,11,10000,2,1,2500,0,0,0,0,35,1.53,500,8000,50,8000,4000,4000,0
44,4500,30,1,1991-08-11 00:00:00,1,3,1,0,0,1,999,0,0,8,12000,1,1,1500,0,0,0,0,32,1.8,500,8000,50,8000,4500,4500,0
45,4000,17,2,1992-12-13 00:00:00,1,5,1,1,0,4,0,0,0,4,8000,2,5,3000,1,0,0,0,31,1.8,500,5500,50,5500,4000,4000,0
46,1200,30,1,1994-11-23 00:00:00,1,4,4,0,0,1,0,0,0,2,5000,2,1,1200,0,0,0,0,32,1.8,500,8000,50,8000,8000,8000,0
47,1000,22,1,1991-05-31 00:00:00,1,3,3,0,0,3,999,0,0,8,8500,2,4,5000,0,0,0,0,30,1.8,500,4000,50,4000,1000,1000,1428
48,1400,12,2,1986-05-05 00:00:00,2,2,4,0,1,2,2,0,0,2,10000,2,1,5000,1,0,0,0,62,0,0,1400,250,1400,5500,1400,0
49,4000,30,1,1990-11-28 00:00:00,1,6,4,0,0,1,999,0,0,8,25000,1,999,17000,1,1,10000,2000,32,1.8,500,8000,50,8000,4000,4000,0
50,1000,30,2,2000-09-11 00:00:00,2,2,3,0,0,4,0,0,0,0,10000,2,1,1500,0,0,0,0,30,1.8,500,4000,50,4000,1000,1000,0
51,1000,30,2,2000-11-03 00:00:00,1,2,2,0,0,3,999,0,0,1,9000,2,1,3000,0,0,0,0,10,1.9,500,8000,50,8000,1000,1000,0
52,1000,21,2,1982-08-18 00:00:00,2,5,2,0,0,1,999,0,0,1,7000,999,1,2500,1,4,3000,1500,10,1.9,500,8000,50,8000,1000,1000,0
53,1800,30,2,1979-07-05 00:00:00,2,3,2,0,0,1,1,0,0,15,6000,2,1,1000,1,1,0,250,32,1.8,500,8000,50,8000,1800,1800,0
54,2250,24,1,1996-08-05 00:00:00,1,3,3,0,0,1,0,0,0,1,6000,2,1,4000,0,0,0,0,32,1.8,500,8000,50,8000,4500,4500,0
55,5000,30,1,1979-06-27 00:00:00,1,5,3,1,1,3,2,0,0,12,13500,2,999,9000,0,0,0,0,32,1.8,500,8000,50,8000,5000,5000,7700
56,1000,30,1,1994-09-04 00:00:00,1,4,2,1,0,1,1,0,0,8,14000,1,1,4000,1,2,4000,4000,31,1.8,500,5500,50,5500,2500,2500,0
57,1000,30,2,1967-10-28 00:00:00,1,3,3,0,0,8,0,0,0,20,7000,1,1,2000,0,0,0,0,12,1.33,500,3500,50,3500,3000,3000,0
58,3500,30,2,1962-11-13 00:00:00,1,5,1,0,0,1,3,0,0,33,8000,2,1,4000,1,1,1000,1000,35,1.53,500,8000,50,8000,3500,3500,0
59,7000,20,1,1999-02-06 00:00:00,1,5,2,0,0,1,2,0,0,4,5500,2,2,2500,0,0,0,0,32,1.8,500,8000,50,8000,8000,8000,0
60,2550,30,2,1983-05-19 00:00:00,4,4,3,0,0,7,0,0,0,8,6000,2,5,1500,0,0,0,0,32,1.8,500,8000,50,8000,8000,8000,0
61,4000,30,1,1992-05-20 00:00:00,2,3,3,0,0,3,0,0,0,3,10000,1,1,3000,1,0,0,0,32,1.8,500,8000,50,8000,6000,6000,0
62,3000,30,1,1999-01-19 00:00:00,1,2,3,0,0,6,0,0,0,3,8000,2,4,4000,1,0,0,0,31,1.8,500,5500,50,5500,3000,3000,0
63,3000,4,2,1992-05-26 00:00:00,1,5,1,0,0,1,999,0,0,4,12000,2,1,3000,1,3,5000,2000,30,1.8,500,4000,50,4000,3000,3000,3216
64,1500,22,1,1973-05-20 00:00:00,2,4,2,0,1,1,1,0,0,22,25000,2,1,10000,1,1,3600,1500,35,1.53,500,8000,50,8000,1500,1500,2165.55
65,4000,15,1,1991-11-09 00:00:00,1,5,4,0,0,1,999,0,0,5,25000,2,1,5000,1,5,10000,3000,10,1.9,500,8000,50,8000,4000,4000,5140
66,2000,30,1,1989-03-31 00:00:00,1,5,3,0,0,1,999,0,0,2,9000,2,1,5000,0,0,0,0,32,1.8,500,8000,50,8000,2000,2000,0
67,1400,30,2,1991-05-07 00:00:00,2,5,3,0,0,3,999,0,0,4,8000,1,2,3000,1,5,8000,1000,30,1.8,500,4000,50,4000,1400,1400,-7
68,5000,30,1,1974-02-27 00:00:00,2,5,3,0,0,1,999,0,0,19,9500,1,1,4000,0,1,4000,500,35,1.53,500,8000,50,8000,5000,5000,0
69,1000,30,2,1990-02-27 00:00:00,2,3,4,0,0,1,999,0,0,10,7500,2,1,3000,0,3,5000,2500,31,1.8,500,5500,50,5500,1000,1000,0
70,6000,28,1,1988-04-11 00:00:00,2,3,3,1,0,3,0,0,0,0,8000,1,2,5000,0,3,1000,3000,32,1.8,500,8000,50,8000,8000,8000,0
71,1100,30,1,1986-05-29 00:00:00,2,5,3,1,1,1,999,10,0,7,17000,2,2,2500,0,0,0,0,2,1.8,500,8000,50,8000,1100,1100,0
72,1500,30,1,1998-05-09 00:00:00,1,2,4,0,0,6,0,0,0,2,1200,1,999,2000,0,0,0,0,10,1.9,500,8000,50,8000,1500,1500,0
73,3500,28,1,1992-03-11 00:00:00,2,5,3,0,0,1,999,0,0,3,12000,2,1,3500,0,3,7000,1200,32,1.8,500,8000,50,8000,3500,3500,0
74,1200,24,1,1989-10-30 00:00:00,1,4,3,0,0,1,2,0,0,8,15000,2,1,13000,1,3,4000,4000,35,1.53,500,8000,50,8000,3000,3000,0
75,3000,30,1,1984-12-06 00:00:00,3,5,1,0,0,1,999,0,0,7,12000,2,1,1000,1,0,0,1000,31,1.8,500,5500,50,5500,3000,3000,0
76,900,8,1,2000-01-15 00:00:00,1,3,3,0,0,1,1,0,0,1,9000,2,1,8000,0,3,6500,6500,61,0,0,900,120,900,3000,900,0
77,3000,15,2,1962-02-06 00:00:00,1,5,3,0,0,1,999,0,0,30,15,2,999,10000,0,0,0,0,31,1.8,500,5500,50,5500,3000,3000,3324
78,1500,30,1,1987-02-23 00:00:00,1,2,3,0,0,3,999,0,0,15,11000,2,1,3000,1,1,500,500,35,1.53,500,8000,50,8000,1500,1500,0
79,3000,30,2,1983-01-26 00:00:00,2,5,2,0,0,1,1,0,0,15,12000,1,1,5000,1,2,1000,400,31,1.8,500,5500,50,5500,3000,3000,0
80,2500,7,1,1983-11-11 00:00:00,2,2,3,0,1,1,999,0,0,15,7500,2,1,3500,1,2,1000,300,65,0,0,2500,290,2500,5500,2500,0
81,1700,24,2,1998-03-26 00:00:00,1,4,2,1,0,6,0,0,0,2,7000,2,2,3000,1,0,0,0,30,1.8,500,4000,50,4000,3000,3000,2436.8
82,2000,30,2,1980-07-27 00:00:00,1,3,3,0,0,1,2,0,0,17,9500,2,1,4000,0,0,0,0,2,1.8,500,8000,50,8000,4000,4000,0
83,800,15,2,1994-03-20 00:00:00,2,4,1,0,0,4,0,0,0,5,7300,2,5,2500,0,3,4000,1500,10,1.9,500,8000,50,8000,1000,1000,0
84,3500,30,2,1970-12-11 00:00:00,2,5,1,0,0,1,999,0,0,20,20000,2,1,5000,0,2,20000,5000,31,1.8,500,5500,50,5500,3500,3500,5390
85,1000,30,1,1993-11-03 00:00:00,2,3,2,1,0,3,1,0,0,5,25000,999,999,10000,1,2,2000,500,10,1.9,500,8000,50,8000,1000,1000,0
86,4000,30,2,1986-12-11 00:00:00,2,2,2,1,0,3,999,0,0,3,18000,999,1,25000,0,4,20000,6000,31,1.8,500,5500,50,5500,4000,4000,0
87,3000,3,1,1990-10-28 00:00:00,1,2,2,0,0,1,2,0,0,5,9500,1,1,3000,1,0,0,0,31,1.8,500,5500,50,5500,3500,3500,0
88,4000,30,2,1964-04-24 00:00:00,2,5,1,1,0,1,999,0,0,38,11500,2,1,6500,0,5,0,5000,10,1.9,500,8000,50,8000,4000,4000,0
89,1800,15,1,1996-03-07 00:00:00,1,2,4,0,0,1,999,0,0,3,9100,1,1,5000,0,0,0,0,32,1.8,500,8000,50,8000,1800,1800,0
90,4000,15,1,1991-05-18 00:00:00,2,5,3,0,0,2,999,0,0,5,23000,2,999,10000,1,2,5000,500,10,1.9,500,8000,50,8000,4000,4000,0
91,1000,10,1,1978-05-08 00:00:00,1,3,2,0,0,1,3,0,0,15,12000,2,1,7000,1,2,4500,1500,10,1.9,500,8000,50,8000,1000,1000,1221
92,2500,30,2,1990-04-30 00:00:00,1,5,1,0,0,1,2,0,0,9,10000,1,1,5000,1,6,30000,3000,31,1.8,500,5500,50,5500,2500,2500,0
93,4000,14,1,1989-09-28 00:00:00,2,5,1,0,0,1,999,0,0,7,20700,2,1,13000,1,0,0,600,31,1.8,500,5500,50,5500,4000,4000,5008
94,3000,30,1,1996-04-23 00:00:00,1,5,4,0,0,2,2,0,0,1,10000,2,1,2000,1,1,0,0,31,1.8,500,5500,50,5500,3000,3000,0
95,1000,14,1,1992-03-07 00:00:00,1,5,3,0,0,1,0,0,0,6,11500,2,1,4000,0,0,0,0,32,1.8,500,8000,50,8000,5250,5250,0
96,1400,12,1,1980-03-24 00:00:00,3,5,3,0,1,1,999,0,0,15,13300,2,1,4500,0,2,7500,1000,62,0,0,1400,250,1400,3000,1400,0
97,1000,15,1,1984-03-01 00:00:00,2,5,2,0,0,3,999,0,0,16,10000,1,1,4000,1,3,1500,300,30,1.8,500,4000,50,4000,1000,1000,1302
98,2400,10,1,1991-11-30 00:00:00,2,5,1,1,1,1,999,0,0,9,20000,1,1,13000,1,2,15000,1500,2,1.8,500,8000,50,8000,2400,2400,0
99,1000,22,1,1994-01-24 00:00:00,1,3,3,0,0,1,999,0,0,5,8900,1,999,4000,0,4,6000,1400,36,1.43,500,8000,50,8000,2000,2000,0
100,2000,30,2,1980-02-04 00:00:00,2,3,3,0,0,3,2,0,0,12,7000,2,1,3000,0,6,20000,4000,32,1.8,500,8000,50,8000,2000,2000,0
101,3500,30,1,1998-05-16 00:00:00,1,2,3,0,0,6,0,0,0,2,4000,2,4,3500,0,0,0,0,10,1.9,500,8000,50,8000,3500,3500,5495
102,1500,18,2,1990-12-03 00:00:00,2,5,2,0,0,3,999,0,0,5,8000,2,1,6000,0,0,0,0,31,1.8,500,5500,50,5500,1500,1500,0
103,3000,12,1,1994-05-12 00:00:00,1,3,3,0,1,2,2,0,0,2,13000,999,999,5000,1,2,3000,500,31,1.8,500,5500,50,5500,3000,3000,0
104,3500,30,1,1994-01-12 00:00:00,1,5,2,0,0,2,999,0,0,1,20000,2,999,10000,0,4,15000,5000,30,1.8,500,4000,50,4000,3500,3500,5327
105,2000,15,2,1985-10-25 00:00:00,1,3,4,0,0,3,1,0,0,10,12000,2,1,6000,0,1,1470,100,10,1.9,500,8000,50,8000,2500,2500,0
106,4000,16,2,1973-10-04 00:00:00,1,5,1,0,0,1,999,0,0,20,15500,2,1,4000,0,5,5500,3000,31,1.8,500,5500,50,5500,4000,4000,0
107,1500,30,2,1996-12-19 00:00:00,1,4,1,1,0,3,999,0,0,4,10000,999,4,3500,1,2,4000,500,10,1.9,500,8000,50,8000,1500,1500,38.25
108,1100,20,1,1997-11-19 00:00:00,1,4,2,0,0,1,2,0,0,3,17000,2,1,5000,1,1,0,0,2,1.8,500,8000,50,8000,1100,1100,0
109,3750,30,1,1999-10-14 00:00:00,1,2,1,0,0,3,0,0,0,1,8000,1,1,5000,1,0,2000,2000,32,1.8,500,8000,50,8000,4000,4000,0
110,500,6,1,1998-05-13 00:00:00,1,2,3,0,0,6,0,0,0,0,6000,2,4,2500,0,0,0,0,22,1.8,500,8000,50,8000,800,800,124.37
111,1700,4,2,1961-02-11 00:00:00,1,3,1,0,0,1,1,0,0,32,9000,1,1,6500,0,1,2000,500,30,1.8,500,4000,50,4000,1700,1700,0
112,3500,30,2,1994-02-23 00:00:00,2,5,2,0,0,3,999,0,0,2,12000,2,4,7000,1,1,0,0,31,1.8,500,5500,50,5500,3500,3500,0
113,1000,30,1,1990-09-13 00:00:00,1,2,3,0,0,3,999,0,0,5,7500,2,1,2500,0,2,0,0,30,1.8,500,4000,50,4000,1000,1000,0
114,1000,19,1,1989-05-25 00:00:00,2,3,3,0,0,1,999,0,0,6,15000,2,1,12000,0,1,3000,450,36,1.43,500,8000,50,8000,1000,1000,0
115,1500,20,2,1997-09-30 00:00:00,1,5,4,0,0,3,0,0,0,2,5000,1,1,3000,0,0,0,0,10,1.9,500,8000,50,8000,1500,1500,2091.5
116,4000,30,1,1992-01-09 00:00:00,1,3,3,0,0,1,999,0,0,1,12500,2,1,2500,1,0,0,0,10,1.9,500,8000,50,8000,4000,4000,0
117,2500,30,1,1995-11-09 00:00:00,1,5,2,0,0,1,999,0,0,3,15000,1,1,5000,0,1,7000,650,10,1.9,500,8000,50,8000,2500,2500,3927.5
118,2500,30,2,1978-08-03 00:00:00,3,4,1,0,0,7,0,0,0,14,22000,2,1,5000,0,0,0,0,31,1.8,500,5500,50,5500,2500,2500,0
119,1400,12,1,1985-09-29 00:00:00,1,3,4,0,0,1,2,0,0,10,9500,2,1,6500,0,2,6000,800,62,0,0,1400,250,1400,2000,1400,0
120,1000,15,2,1964-12-29 00:00:00,1,5,1,0,0,5,0,0,0,30,22000,1,999,4000,0,3,2000,5000,30,1.8,500,4000,50,4000,1000,1000,0
121,500,5,1,1995-12-15 00:00:00,1,5,3,0,0,1,2,0,0,2,8700,1,1,2500,0,0,0,0,2,1.8,500,8000,50,8000,10000,8000,0
122,4000,14,1,1983-03-02 00:00:00,2,5,4,0,1,1,999,0,0,17,15000,2,1,10000,1,7,50000,5000,36,1.43,500,8000,50,8000,4000,4000,0
123,1500,30,2,1996-10-27 00:00:00,1,3,3,0,0,2,1,0,0,3,25000,999,1,12000,0,2,5000,5000,36,1.43,500,8000,50,8000,1500,1500,2172.05
124,1500,10,1,1979-06-12 00:00:00,2,4,3,1,1,3,1,0,0,21,15000,999,1,6000,0,2,0,1000,59,0,0,1500,220,1500,2000,1500,0
125,2500,30,1,1980-12-31 00:00:00,3,3,1,1,0,3,1,0,0,16,12500,2,1,3000,1,3,30000,4000,31,1.8,500,5500,50,5500,2500,2500,0
126,1000,30,1,1994-09-22 00:00:00,1,5,3,0,0,6,0,0,0,4,8300,1,1,3200,1,1,1250,380,30,1.8,500,4000,50,4000,1000,1000,1572
127,2300,18,1,1996-08-05 00:00:00,1,3,3,0,0,1,0,0,0,1,6000,2,1,4000,0,0,0,0,32,1.8,500,8000,50,8000,4500,4500,3053.8
128,3500,30,2,1973-01-11 00:00:00,1,5,2,0,0,1,1,0,0,26,8000,2,1,4000,0,4,4000,1500,31,1.8,500,5500,50,5500,3500,3500,0
129,1500,6,2,1996-07-19 00:00:00,2,3,3,0,0,3,999,0,0,1,2400,1,5,1500,0,0,0,0,12,1.33,500,3500,50,3500,4000,3500,0
130,3500,30,2,1978-01-31 00:00:00,3,3,2,0,0,1,2,0,0,14,7000,999,1,5000,0,4,8000,2000,35,1.53,500,8000,50,8000,3500,3500,0
131,5000,30,1,1991-02-12 00:00:00,2,5,2,0,1,1,2,0,0,4,40000,2,1,20000,1,5,25000,5000,32,1.8,500,8000,50,8000,5000,5000,0
132,2000,21,1,1989-05-17 00:00:00,4,3,3,0,0,3,999,0,0,5,4000,1,1,4000,0,1,1000,500,31,1.8,500,5500,50,5500,2000,2000,0
133,5000,5,1,1990-10-15 00:00:00,1,5,3,0,0,1,2,0,0,8,30000,2,1,20000,0,0,0,0,32,1.8,500,8000,50,8000,5000,5000,0
134,3000,17,2,1988-03-01 00:00:00,3,3,3,0,0,4,0,6,0,2,5500,2,999,2000,1,0,0,0,30,1.8,500,4000,50,4000,3000,3000,0
135,3500,30,1,1976-03-11 00:00:00,2,5,3,0,0,1,999,0,0,20,13000,1,1,5000,0,2,10000,3000,30,1.8,500,4000,50,4000,3500,3500,0
136,2000,14,2,1985-03-13 00:00:00,3,5,2,1,0,1,2,0,0,12,10000,2,1,5600,0,3,3000,0,64,0,0,2000,450,2000,5500,2000,0
137,1000,14,1,1984-02-06 00:00:00,3,5,2,0,0,1,2,0,0,18,16000,2,999,4000,1,5,5000,2000,10,1.9,500,8000,50,8000,1000,1000,1297
138,3500,15,1,1991-12-25 00:00:00,1,4,3,0,0,3,1,0,0,7,15000,999,1,4000,1,2,3000,500,10,1.9,500,8000,50,8000,3500,3500,0
139,4500,17,2,1986-10-23 00:00:00,3,3,1,1,0,3,0,0,0,12,15000,2,999,6000,1,1,1200,1200,32,1.8,500,8000,50,8000,4500,4500,0
140,3500,24,1,1981-10-22 00:00:00,1,2,2,0,0,1,2,0,0,17,10000,1,1,4000,0,2,8000,1000,31,1.8,500,5500,50,5500,3500,3500,5012
141,1000,30,1,1993-01-17 00:00:00,1,3,2,0,0,3,999,0,0,8,14000,999,1,8000,0,3,10000,1000,30,1.8,500,4000,50,4000,1000,1000,1572
142,3500,30,1,1985-10-17 00:00:00,4,5,3,0,0,1,999,0,0,9,8000,2,1,7000,0,0,0,0,31,1.8,500,5500,50,5500,3500,3500,5390
143,600,28,1,1996-09-19 00:00:00,1,2,3,0,0,4,0,0,0,0,8000,1,3,3500,0,1,1500,1500,35,1.53,500,8000,50,8000,1200,1200,0
144,400,30,2,1985-12-17 00:00:00,2,3,3,0,0,1,999,0,0,8,6500,2,1,1000,0,1,1000,500,2,1.8,500,8000,50,8000,400,400,0
145,5000,30,2,1995-07-19 00:00:00,1,5,1,0,0,1,999,0,0,4,9000,999,1,8500,0,0,0,0,32,1.8,500,8000,50,8000,5000,5000,0
146,4250,24,2,1990-01-13 00:00:00,3,5,3,0,0,4,0,0,0,5,12000,2,4,2000,0,0,0,0,2,1.8,500,8000,50,8000,12000,8000,6045
147,1000,30,1,1987-12-06 00:00:00,2,4,2,0,0,1,1,0,0,10,13000,2,1,3000,0,0,0,0,30,1.8,500,4000,50,4000,1000,1000,0
148,900,8,2,1996-06-23 00:00:00,2,2,3,0,0,7,0,0,0,0,5000,2,5,1000,1,1,1000,1000,61,0,0,900,120,900,3000,900,1020
149,3000,24,2,1975-11-26 00:00:00,2,5,1,0,0,1,2,0,0,24,15000,2,1,4500,1,4,0,5000,10,1.9,500,8000,50,8000,4000,4000,0
150,1500,30,1,1995-03-09 00:00:00,1,5,2,1,0,3,0,0,0,5,12300,2,1,7000,1,0,0,0,30,1.8,500,4000,50,4000,1500,1500,-11
151,2000,14,2,1968-08-01 00:00:00,1,4,2,0,0,8,0,6,1,32,15000,2,999,8000,0,1,7000,1200,31,1.8,500,5500,50,5500,2000,2000,0
152,1000,30,1,1973-05-19 00:00:00,1,3,1,0,0,1,1,0,0,5,15000,999,999,5000,0,0,0,0,10,1.9,500,8000,50,8000,1000,1000,0
153,1300,30,2,1988-07-11 00:00:00,1,3,0,0,0,1,999,999,1,5,9700,2,1,1000,0,0,0,0,2,1.8,500,8000,50,8000,1300,1300,0
154,4000,30,2,1972-06-25 00:00:00,1,5,3,0,0,1,999,0,0,25,5000,2,1,2000,1,3,10000,2000,32,1.8,500,8000,50,8000,4000,4000,0
155,500,30,1,1995-02-01 00:00:00,1,3,3,1,1,6,0,0,0,0,2500,2,4,1000,1,1,2000,500,32,1.8,500,8000,50,8000,6000,6000,0
156,2500,30,1,1987-02-23 00:00:00,1,5,3,0,0,2,999,0,0,10,14000,2,1,3000,1,8,20000,2500,12,1.33,500,3500,50,3500,2500,2500,0
157,1000,29,1,1987-10-14 00:00:00,3,4,3,0,0,3,0,0,0,5,15000,2,1,5000,0,0,0,0,31,1.8,500,5500,50,5500,1000,1000,0
158,3000,30,1,1978-05-18 00:00:00,3,5,1,0,0,1,2,0,0,16,18200,2,1,10000,1,4,4850,4850,10,1.9,500,8000,50,8000,4000,4000,0
159,1000,30,2,1999-12-31 00:00:00,1,4,4,1,0,6,0,0,0,1,4000,1,2,1000,0,0,0,0,30,1.8,500,4000,50,4000,1000,1000,1572
160,4000,30,1,1986-02-23 00:00:00,2,5,2,0,1,1,2,0,0,10,20000,1,1,10000,0,0,0,0,32,1.8,500,8000,50,8000,7000,7000,0
161,1500,26,1,1996-09-08 00:00:00,1,5,3,0,0,1,0,0,0,11,15000,1,1,7500,1,2,5000,1800,10,1.9,500,8000,50,8000,1500,1500,0
162,5000,14,1,1980-10-05 00:00:00,3,5,1,0,0,1,999,0,0,14,16000,2,1,2500,0,2,5000,700,35,1.53,500,8000,50,8000,5000,5000,0
163,3500,30,1,1977-04-26 00:00:00,1,3,1,1,0,1,2,0,0,15,5500,1,1,5000,0,0,0,0,31,1.8,500,5500,50,5500,3500,3500,5390
164,5000,10,1,1976-07-19 00:00:00,1,5,1,1,0,1,999,0,0,20,9000,2,1,5000,1,1,0,500,32,1.8,500,8000,50,8000,6000,6000,0
165,1500,30,2,1995-07-19 00:00:00,2,5,3,0,0,1,999,0,0,5,12000,1,1,5000,1,4,15000,3000,36,1.43,500,8000,50,8000,1500,1500,0
166,1000,30,1,1991-05-29 00:00:00,3,5,2,0,1,1,2,0,0,11,13000,2,1,7000,1,0,0,0,12,1.33,500,3500,50,3500,1000,1000,0
167,1000,30,2,1999-01-06 00:00:00,1,2,4,0,0,4,0,0,0,1,6000,2,4,3000,1,5,5000,1000,10,1.9,500,8000,50,8000,3000,3000,0
168,2000,18,1,1992-08-31 00:00:00,1,4,3,0,1,4,0,0,0,7,12000,2,2,3500,0,0,0,0,10,1.9,500,8000,50,8000,2500,2500,3102
169,2500,10,1,1993-01-05 00:00:00,2,5,1,0,0,1,0,0,0,8,11000,1,1,11000,0,0,0,0,35,1.53,500,8000,50,8000,2500,2500,0
170,2600,30,1,1992-10-22 00:00:00,1,3,3,0,0,1,0,0,0,5,9500,1,1,3500,1,0,0,0,32,1.8,500,8000,50,8000,5000,5000,0
171,1500,30,1,1988-05-12 00:00:00,2,2,1,0,0,1,1,0,0,12,15000,1,1,7000,1,10,50000,5000,35,1.53,500,8000,50,8000,1500,1500,0
172,800,16,2,1992-02-26 00:00:00,2,3,2,0,0,7,0,0,0,5,5000,2,4,3500,1,0,0,0,2,1.8,500,8000,50,8000,8000,8000,0
173,700,29,1,1996-06-08 00:00:00,1,5,1,1,0,1,2,0,0,2,11000,2,1,8000,0,0,0,0,10,1.9,500,8000,50,8000,3500,3500,0
174,2500,30,1,1994-02-27 00:00:00,1,5,1,1,1,1,2,0,0,3,12000,1,1,6000,0,0,0,0,30,1.8,500,4000,50,4000,2500,2500,3855
175,1000,30,2,1964-02-14 00:00:00,1,5,1,1,0,1,999,0,0,10,9000,2,1,5000,0,0,0,0,10,1.9,500,8000,50,8000,1000,1000,0
176,800,25,1,1996-07-28 00:00:00,1,3,2,0,0,1,1,0,0,3,7150,1,1,3000,1,0,0,0,32,1.8,500,8000,50,8000,5000,5000,0
177,3500,30,1,1978-11-26 00:00:00,1,5,3,0,0,1,1,0,0,16,40000,2,1,15000,1,10,0,20000,35,1.53,500,8000,50,8000,3500,3500,0
178,1000,15,1,1995-05-26 00:00:00,1,2,4,0,1,1,2,0,0,4,7500,2,1,2000,1,1,1200,1200,36,1.43,500,8000,50,8000,1000,1000,0
179,500,30,2,1991-01-14 00:00:00,1,2,4,0,0,1,999,0,0,5,7000,1,999,4000,0,0,0,0,2,1.8,500,8000,50,8000,6000,6000,-13
180,2050,17,1,1982-11-30 00:00:00,1,5,3,0,0,1,1,0,0,18,15000,2,1,10000,1,2,7000,800,35,1.53,500,8000,50,8000,2500,2500,0
181,3000,15,1,1991-07-22 00:00:00,1,5,1,0,0,1,2,0,0,9,10500,1,1,3500,0,0,0,0,10,1.9,500,8000,50,8000,4000,4000,3855
182,3500,14,1,1979-08-29 00:00:00,1,5,4,0,0,1,2,0,0,16,25000,1,1,8000,0,6,20000,6000,30,1.8,500,4000,50,4000,3500,3500,0
183,2000,21,2,1975-02-20 00:00:00,1,2,1,1,0,1,999,0,0,15,7000,2,1,3000,1,1,0,500,35,1.53,500,8000,50,8000,2000,2000,0
184,1000,30,1,1998-05-22 00:00:00,1,2,3,0,0,4,2,0,0,1,3100,2,999,1480,0,1,1900,300,30,1.8,500,4000,50,4000,1000,1000,0
185,500,3,2,1985-08-02 00:00:00,1,5,3,0,0,1,2,0,0,7,4200,2,1,3000,0,1,3600,300,35,1.53,500,8000,50,8000,3500,3500,0
186,4000,10,2,1979-05-17 00:00:00,2,5,4,0,0,1,1,0,0,19,20000,999,999,15000,1,0,0,0,31,1.8,500,5500,50,5500,4000,4000,4432
187,1000,30,2,2001-01-03 00:00:00,1,2,4,0,0,1,999,0,0,1,10000,2,1,6000,1,0,0,0,30,1.8,500,4000,50,4000,1000,1000,1572
188,1000,30,1,1999-08-18 00:00:00,1,3,1,0,0,6,0,0,0,2,7500,1,2,2000,0,0,0,0,31,1.8,500,5500,50,5500,3000,3000,0
189,3600,4,2,1993-03-12 00:00:00,2,5,2,0,0,1,999,0,0,5,7600,2,1,2000,0,0,0,0,35,1.53,500,8000,50,8000,5200,5200,2918.79
190,2500,30,1,1995-10-18 00:00:00,1,4,3,0,0,3,3,0,0,1,5500,1,1,2000,0,0,0,0,22,1.8,500,8000,50,8000,7500,7500,0
191,1000,7,1,1999-09-29 00:00:00,2,3,3,0,0,3,999,0,0,2,8000,999,1,5000,0,3,12000,5000,12,1.33,500,3500,50,3500,4500,3500,0
192,1000,30,1,1991-12-13 00:00:00,1,2,1,0,0,1,999,0,0,4,8700,1,1,1000,1,0,0,0,10,1.9,500,8000,50,8000,1000,1000,0
193,5000,30,1,1996-11-18 00:00:00,1,4,3,0,0,1,999,0,0,3,10000,2,1,2000,1,0,0,0,2,1.8,500,8000,50,8000,9300,8000,0
194,2000,14,1,1989-04-05 00:00:00,1,5,2,0,0,1,999,0,0,12,19000,1,1,5000,0,0,0,0,31,1.8,500,5500,50,5500,2500,2500,2360
195,900,5,1,1985-03-15 00:00:00,1,3,3,0,0,3,1,0,0,5,6500,1,1,4500,0,0,0,0,2,1.8,500,8000,50,8000,900,900,0
196,3500,25,1,1992-06-13 00:00:00,1,5,3,0,0,1,0,0,0,8,10000,1,1,3000,0,1,3000,3000,36,1.43,500,8000,50,8000,3500,3500,4751.25
197,5000,30,2,1992-11-03 00:00:00,1,3,3,0,0,1,999,0,0,6,8000,2,1,3800,0,0,0,0,32,1.8,500,8000,50,8000,5000,5000,7610
198,1500,20,1,1995-02-12 00:00:00,1,5,2,0,0,1,999,0,0,2,1200,1,1,5000,0,0,0,0,30,1.8,500,4000,50,4000,4000,4000,0
199,800,20,1,1994-04-23 00:00:00,1,5,4,0,0,1,0,0,0,9,14700,1,1,12000,0,0,0,0,31,1.8,500,5500,50,5500,1500,1500,0
200,1500,21,1,1996-05-17 00:00:00,1,5,4,0,0,6,0,0,0,1,8000,2,1,3000,1,0,0,1000,10,1.9,500,8000,50,8000,1500,1500,0
201,1000,5,2,1983-05-12 00:00:00,2,3,1,0,0,8,0,6,1,15,12000,2,1,5000,0,2,3000,3000,36,1.43,500,8000,50,8000,1000,1000,1107.2
202,1400,30,1,1988-02-26 00:00:00,1,3,3,1,1,1,2,0,0,3,6500,2,1,2500,1,0,0,0,25,1.8,500,5000,50,5000,5000,5000,0
203,2900,10,1,1977-11-21 00:00:00,1,3,1,0,0,3,1,0,0,10,7000,2,1,7000,1,1,1500,250,35,1.53,500,8000,50,8000,8000,8000,0
204,1000,30,1,1999-10-01 00:00:00,1,2,4,0,0,6,0,0,0,3,4000,1,4,4000,0,0,0,0,36,1.43,500,8000,50,8000,1000,1000,0
205,1500,20,1,1990-04-28 00:00:00,1,5,3,0,0,1,999,0,0,10,7000,2,1,5000,1,2,5000,400,10,1.9,500,8000,50,8000,2500,2500,0
206,1500,6,1,1988-04-25 00:00:00,1,5,3,0,0,1,999,0,0,7,25000,1,1,10000,0,0,0,0,35,1.53,500,8000,50,8000,8000,8000,0
207,700,5,1,1980-10-31 00:00:00,1,4,2,1,0,1,1,0,0,11,35000,1,1,9000,1,0,0,0,2,1.8,500,8000,50,8000,700,700,800.4
208,1000,30,1,1980-03-16 00:00:00,1,3,3,0,0,1,2,0,0,15,8000,2,1,2000,1,0,0,0,10,1.9,500,8000,50,8000,1000,1000,1247
209,3900,30,2,1988-08-29 00:00:00,1,5,2,0,0,3,2,0,0,7,10000,2,1,5000,0,0,0,0,2,1.8,500,8000,50,8000,3900,3900,0
210,2400,10,1,1993-03-19 00:00:00,2,5,2,1,0,1,2,0,0,3,10000,2,1,3000,1,0,0,0,32,1.8,500,8000,50,8000,8000,8000,-6
211,2500,30,1,1997-11-02 00:00:00,1,4,1,1,0,1,999,0,0,2,12000,2,1,5000,0,0,0,0,10,1.9,500,8000,50,8000,3500,3500,3877.5
212,2000,21,1,1991-11-30 00:00:00,1,5,3,1,1,1,1,0,0,8,10000,2,1,2000,0,0,0,0,31,1.8,500,5500,50,5500,5500,5500,0
213,3000,14,1,1988-06-09 00:00:00,1,2,3,0,0,3,999,0,0,8,10000,2,4,2000,0,0,0,0,31,1.8,500,5500,50,5500,5500,5500,0
214,1700,11,2,1995-01-23 00:00:00,1,5,4,0,0,1,999,0,0,3,15000,1,1,12000,0,3,9000,3000,63,0,0,1700,270,1700,5500,1700,0
215,600,30,2,1983-12-11 00:00:00,2,4,3,0,0,4,0,0,0,7,6000,2,4,4000,1,0,0,0,2,1.8,500,8000,50,8000,600,600,0
216,3000,3,2,1995-05-16 00:00:00,1,5,3,0,0,3,2,0,0,3,6000,2,5,2000,1,1,1000,250,35,1.53,500,8000,50,8000,3000,3000,0
217,2750,30,1,1989-12-15 00:00:00,1,3,3,0,0,3,0,0,0,6,7000,999,999,3000,0,0,0,0,12,1.33,500,3500,50,3500,8000,3500,0
218,1000,21,1,1998-08-20 00:00:00,1,4,4,0,1,3,2,0,0,2,11000,2,1,7000,1,3,1000,600,30,1.8,500,4000,50,4000,1000,1000,0
219,1500,30,1,1976-01-20 00:00:00,1,1,2,0,0,5,0,0,0,10,7500,2,999,6509,1,0,0,0,31,1.8,500,5500,50,5500,1500,1500,2333
220,3550,30,1,1996-11-18 00:00:00,1,4,4,0,0,3,999,0,0,1,8000,2,1,2500,0,0,0,0,35,1.53,500,8000,50,8000,6000,6000,0
221,1500,30,2,1995-09-21 00:00:00,3,3,3,0,0,7,0,0,0,1,8600,2,4,2000,0,0,0,0,10,1.9,500,8000,50,8000,1500,1500,2376.5
222,3500,30,1,1983-11-16 00:00:00,2,5,3,0,1,1,1,0,0,10,9000,999,1,3500,1,0,0,0,31,1.8,500,5500,50,5500,3500,3500,5390
223,2250,7,1,1984-01-19 00:00:00,1,5,4,0,0,1,999,0,0,10,12800,1,1,12800,1,5,2000,1000,32,1.8,500,8000,50,8000,6000,6000,0
224,4000,17,1,1995-07-05 00:00:00,1,6,1,0,0,1,2,0,0,1,20000,2,1,7000,1,4,20000,20000,31,1.8,500,5500,50,5500,4000,4000,0
225,3000,30,1,1980-11-27 00:00:00,2,5,3,0,0,1,999,0,0,17,10400,1,1,5000,0,1,300,500,31,1.8,500,5500,50,5500,3000,3000,0
226,600,16,2,1959-03-03 00:00:00,1,3,1,1,0,1,999,0,0,40,9800,2,1,2000,1,0,0,0,36,1.43,500,8000,50,8000,600,600,0
227,1800,30,2,1988-04-16 00:00:00,3,4,3,0,0,1,999,0,0,10,6000,2,1,2000,1,0,0,0,35,1.53,500,8000,50,8000,5500,5500,0
228,1000,30,2,1999-06-11 00:00:00,1,4,4,0,0,3,999,0,0,3,10000,2,999,3000,1,2,1500,1000,30,1.8,500,4000,50,4000,1000,1000,0
229,3000,25,1,1990-07-16 00:00:00,1,2,3,0,0,1,2,0,0,11,9500,1,1,3800,1,0,0,0,31,1.8,500,5500,50,5500,3000,3000,0
230,3500,30,1,1991-03-08 00:00:00,1,3,2,0,1,3,999,0,0,8,11000,1,1,6500,1,4,8000,2000,10,1.9,500,8000,50,8000,3500,3500,0
231,1000,16,1,1985-10-15 00:00:00,1,2,3,0,0,1,999,0,0,14,7900,2,1,3700,0,0,0,0,35,1.53,500,8000,50,8000,6000,6000,0
232,5700,30,1,1991-10-01 00:00:00,1,6,4,0,0,1,2,0,0,5,9000,1,1,2500,1,2,2000,720,2,1.8,500,8000,50,8000,12000,8000,0
233,3200,20,2,1996-06-22 00:00:00,2,3,1,0,0,7,0,0,0,3,3000,2,5,1800,0,0,0,0,35,1.53,500,8000,50,8000,6000,6000,0
234,3050,30,1,1994-11-23 00:00:00,1,4,4,0,0,1,0,0,0,2,5000,2,1,1200,0,0,0,0,32,1.8,500,8000,50,8000,8000,8000,0
235,8000,28,1,1990-04-27 00:00:00,1,5,4,0,0,8,0,1,2,4,12000,1,1,6000,1,0,0,0,2,1.8,500,8000,50,8000,12000,8000,0
236,2400,30,2,1991-02-26 00:00:00,1,4,3,0,0,3,2,0,0,5,14000,2,1,4000,1,3,0,2000,2,1.8,500,8000,50,8000,2400,2400,0
237,1500,11,1,1992-03-17 00:00:00,1,3,3,0,0,4,0,0,0,6,6000,1,4,3000,0,0,0,0,31,1.8,500,5500,50,5500,1500,1500,1820
238,500,3,2,1979-08-30 00:00:00,2,3,2,1,0,7,0,0,0,10,10000,2,2,1500,1,1,0,200,25,1.8,500,5000,50,5000,5000,5000,0
239,800,30,2,1993-12-15 00:00:00,1,5,4,0,0,6,0,0,0,5,3000,2,1,1500,1,0,0,0,2,1.8,500,8000,50,8000,6000,6000,0
240,600,30,2,1999-01-03 00:00:00,1,4,1,0,0,6,0,0,0,2,8000,2,1,2500,0,0,0,0,10,1.9,500,8000,50,8000,2500,2500,0
241,1400,12,2,1992-07-05 00:00:00,1,5,3,0,0,1,999,0,0,4,5000,2,1,100,0,0,0,0,62,0,0,1400,250,1400,8000,1400,1650
242,3000,20,2,1988-09-14 00:00:00,3,5,3,0,0,1,999,0,0,2,50000,1,4,2000,1,2,5000,1800,36,1.43,500,8000,50,8000,3500,3500,3865.1
243,8000,30,1,1979-03-01 00:00:00,3,5,1,1,0,1,999,0,0,22,7000,1,1,7000,0,0,0,0,32,1.8,500,8000,50,8000,8000,8000,12320
244,1500,7,2,1981-09-06 00:00:00,4,5,4,0,0,4,0,0,0,7,13000,2,5,6000,0,3,13000,3000,31,1.8,500,5500,50,5500,1500,1500,0
245,500,17,1,1993-04-09 00:00:00,1,3,3,0,0,1,1,0,0,3,10000,1,1,8000,0,7,9000,2000,10,1.9,500,8000,50,8000,2500,2500,702
246,500,30,1,1990-06-20 00:00:00,1,3,3,0,0,1,2,0,0,2,8000,2,2,2000,0,0,0,0,12,1.33,500,3500,50,3500,700,700,0
247,1950,30,1,1986-07-04 00:00:00,1,5,2,0,0,1,999,0,0,13,13000,1,1,7000,0,2,5000,1000,35,1.53,500,8000,50,8000,12500,8000,0
248,2500,30,2,1990-02-21 00:00:00,1,5,3,0,0,3,1,0,0,8,16000,2,1,8000,1,4,10000,3000,31,1.8,500,5500,50,5500,2500,2500,3855
249,7500,25,1,1976-09-28 00:00:00,2,2,1,0,0,3,999,0,0,15,8500,999,1,3500,0,0,0,0,32,1.8,500,8000,50,8000,8000,8000,0
250,800,30,1,1990-04-18 00:00:00,1,4,1,0,0,1,999,0,0,5,9000,2,1,2500,0,0,0,0,32,1.8,500,8000,50,8000,1800,1800,0
251,1000,30,1,2000-03-11 00:00:00,1,2,1,0,0,3,999,0,0,1,10000,1,1,4000,1,0,0,0,10,1.9,500,8000,50,8000,1000,1000,1601
252,3000,21,1,1994-05-12 00:00:00,1,3,3,0,1,2,2,0,0,2,13000,999,999,5000,1,2,3000,500,31,1.8,500,5500,50,5500,3000,3000,0
253,2500,30,2,1999-01-13 00:00:00,1,3,3,0,0,6,0,0,0,1,10000,2,1,7000,1,0,4000,700,31,1.8,500,5500,50,5500,2500,2500,0
254,3500,30,1,1994-08-20 00:00:00,1,3,4,0,0,1,999,0,0,1,6000,2,1,500,0,0,0,0,10,1.9,500,8000,50,8000,3500,3500,0
255,900,8,1,1995-06-20 00:00:00,1,4,4,0,0,3,1,0,0,1,8000,2,1,4000,1,0,0,0,61,0,0,900,120,900,3000,900,1020
256,500,15,1,1994-12-30 00:00:00,2,3,3,0,0,1,999,0,0,3,7700,2,1,5500,0,0,0,0,10,1.9,500,8000,50,8000,1000,1000,0
257,1000,26,1,1983-08-14 00:00:00,1,3,3,1,0,1,999,0,0,2,8000,2,1,2000,0,0,0,0,10,1.9,500,8000,50,8000,1000,1000,0
258,4000,30,1,1979-01-10 00:00:00,2,6,1,0,0,8,0,1,3,19,32000,1,1,15000,1,3,30000,3000,31,1.8,500,5500,50,5500,4000,4000,0
259,1000,12,1,1990-10-25 00:00:00,1,2,2,0,0,3,999,0,0,7,9100,2,1,5600,1,1,1200,0,10,1.9,500,8000,50,8000,1000,1000,0
260,1000,30,1,1986-01-12 00:00:00,2,5,2,1,0,1,2,0,0,13,12000,1,1,5000,0,0,0,0,36,1.43,500,8000,50,8000,1000,1000,0
261,1000,7,2,1971-07-26 00:00:00,1,6,2,1,0,1,999,0,0,20,17800,2,1,7900,1,0,0,0,57,0,0,1000,120,1000,4000,1000,0
262,1000,30,2,1989-04-19 00:00:00,5,2,2,0,0,7,0,0,0,2,6000,1,5,6000,0,0,0,0,30,1.8,500,4000,50,4000,1000,1000,0
263,1000,7,1,1974-02-24 00:00:00,1,5,1,1,0,1,999,0,0,16,9000,1,1,3000,0,0,0,0,10,1.9,500,8000,50,8000,3000,3000,0
264,1000,5,1,1984-11-28 00:00:00,2,4,2,0,0,3,999,0,0,11,12000,2,1,8500,1,5,9000,1500,10,1.9,500,8000,50,8000,1000,1000,1126
265,1000,30,1,1997-11-12 00:00:00,2,4,2,1,0,3,999,0,0,3,15000,1,2,7000,1,0,0,0,30,1.8,500,4000,50,4000,1000,1000,0
266,800,30,2,1998-05-25 00:00:00,1,5,3,0,0,1,2,0,0,3,4200,1,1,1500,0,0,0,0,32,1.8,500,8000,50,8000,3500,3500,0
267,550,30,1,1991-09-15 00:00:00,2,2,2,1,0,3,999,0,0,7,15000,2,999,4000,1,5,40000,4000,32,1.8,500,8000,50,8000,8000,8000,0
268,1000,16,2,1971-07-26 00:00:00,1,6,2,1,0,1,999,0,0,20,17800,2,1,7900,1,0,0,0,30,1.8,500,4000,50,4000,1000,1000,0
269,1000,7,1,1986-06-07 00:00:00,1,5,2,1,0,3,2,0,0,13,12000,2,1,5000,1,1,1200,100,57,0,0,1000,120,1000,4000,1000,0
270,1500,30,1,1999-11-15 00:00:00,1,4,4,0,0,6,0,0,0,3,6000,2,4,2000,1,0,0,0,10,1.9,500,8000,50,8000,1500,1500,2326.5
271,1500,15,2,2000-08-16 00:00:00,1,4,2,0,1,1,999,0,0,1,9000,999,1,4000,0,0,0,0,10,1.9,500,8000,50,8000,1500,1500,1949
272,1000,16,2,1998-05-19 00:00:00,1,4,4,0,0,1,4,0,0,4,8000,2,1,3000,0,0,0,0,10,1.9,500,8000,50,8000,2000,2000,0
273,2500,17,1,1965-05-13 00:00:00,1,5,2,1,1,3,2,0,0,33,16000,2,1,7000,1,8,14000,1500,31,1.8,500,5500,50,5500,2500,2500,0
274,5000,30,1,1984-12-06 00:00:00,2,5,1,0,0,3,999,0,0,11,15000,2,1,8000,1,2,0,2000,2,1.8,500,8000,50,8000,12000,8000,0
275,1500,30,2,1992-08-04 00:00:00,2,5,1,0,0,7,0,0,0,6,6500,999,999,4000,0,3,5000,1500,31,1.8,500,5500,50,5500,1500,1500,2283
276,1000,30,1,1962-01-27 00:00:00,1,5,4,0,0,1,1,0,0,40,30000,2,999,5000,0,0,0,0,10,1.9,500,8000,50,8000,1000,1000,0
277,500,30,1,1991-10-04 00:00:00,1,5,1,1,1,2,999,0,0,5,10000,1,2,4000,0,0,0,0,10,1.9,500,8000,50,8000,4000,4000,0
278,800,10,1,1996-08-10 00:00:00,2,3,3,0,0,2,999,0,0,3,12000,1,1,5000,0,0,0,0,10,1.9,500,8000,50,8000,1500,1500,0
279,3500,26,1,1992-07-01 00:00:00,1,4,3,0,1,1,999,0,0,2,12000,2,1,3500,0,0,0,0,31,1.8,500,5500,50,5500,3500,3500,5138
280,1000,15,1,1994-04-15 00:00:00,1,5,3,0,0,1,999,0,0,6,8000,1,1,5000,0,0,0,0,10,1.9,500,8000,50,8000,3500,3500,0
281,1000,30,1,1999-06-26 00:00:00,1,3,3,0,0,1,2,0,0,2,8000,2,1,4000,0,0,0,0,30,1.8,500,4000,50,4000,1000,1000,0
282,1500,30,1,1995-07-30 00:00:00,1,5,3,0,1,3,999,0,0,2,20000,2,1,5000,0,2,1000,700,31,1.8,500,5500,50,5500,1500,1500,0
283,1000,27,2,1996-08-31 00:00:00,2,3,3,0,0,1,999,0,0,1,7500,2,1,4000,1,1,1000,500,30,1.8,500,4000,50,4000,1000,1000,1518
284,5000,18,2,1983-01-16 00:00:00,3,5,2,0,0,1,0,0,0,10,160000,2,1,7600,0,0,0,0,32,1.8,500,8000,50,8000,5000,5000,0
285,650,26,1,1989-06-04 00:00:00,1,4,3,0,0,1,999,0,0,6,12000,2,1,3500,0,2,1200,200,10,1.9,500,8000,50,8000,3500,3500,0
286,3500,30,1,1991-01-04 00:00:00,1,5,3,0,0,1,999,0,0,6,17000,2,1,10000,1,5,10000,5000,31,1.8,500,5500,50,5500,3500,3500,0
287,800,3,1,1992-11-17 00:00:00,1,3,3,0,0,1,999,0,0,3,12000,1,1,12000,0,0,0,0,10,1.9,500,8000,50,8000,1000,1000,0
288,1000,30,1,1998-06-21 00:00:00,1,4,4,0,0,3,999,0,0,1,8000,1,1,4500,0,1,1500,250,30,1.8,500,4000,50,4000,2500,2500,0
289,2500,21,1,1986-09-19 00:00:00,1,4,3,0,0,3,999,0,0,8,12000,2,1,3000,1,0,4000,1500,10,1.9,500,8000,50,8000,2500,2500,3500
290,700,4,1,1997-01-06 00:00:00,1,2,3,0,0,3,2,0,0,0,7000,2,1,4000,1,0,0,0,60,0,0,700,30,700,8000,700,0
291,2500,25,1,1991-12-13 00:00:00,1,3,1,0,0,1,2,0,0,8,6000,2,1,3500,1,1,2000,1000,31,1.8,500,5500,50,5500,2500,2500,0
292,500,7,1,1992-11-29 00:00:00,1,3,3,0,0,1,1,0,0,6,5300,2,1,2000,1,3,1500,2000,31,1.8,500,5500,50,5500,3000,3000,0
293,700,25,1,1983-12-12 00:00:00,1,5,2,0,0,1,999,0,0,14,11500,1,1,4000,0,1,2000,500,2,1.8,500,8000,50,8000,700,700,1052.4
294,3500,30,2,1974-04-28 00:00:00,3,5,1,0,0,1,0,0,0,25,17500,2,1,4000,1,0,0,0,31,1.8,500,5500,50,5500,3500,3500,0
295,3500,30,2,1997-09-08 00:00:00,1,4,3,0,0,3,999,0,0,3,9500,1,1,2000,0,0,0,0,10,1.9,500,8000,50,8000,3500,3500,0
296,1500,30,1,1977-03-31 00:00:00,1,3,3,0,0,3,0,0,0,25,12000,2,1,3000,0,3,5000,2000,10,1.9,500,8000,50,8000,1500,1500,2376.5
297,1500,11,2,1983-06-29 00:00:00,3,2,1,0,0,1,999,0,0,7,10200,999,1,2300,0,1,0,25,31,1.8,500,5500,50,5500,1500,1500,0
298,1550,8,2,1998-01-17 00:00:00,2,3,1,0,0,1,999,0,0,3,6000,999,5,2000,0,1,0,200,32,1.8,500,8000,50,8000,2000,2000,0
299,2000,10,1,1991-10-20 00:00:00,1,1,2,0,0,1,999,0,0,1,9000,2,1,2500,0,2,8000,1000,2,1.8,500,8000,50,8000,8000,8000,0
300,1350,14,1,1987-08-08 00:00:00,3,5,1,0,0,1,2,0,0,12,16000,2,1,6800,1,2,7000,1200,32,1.8,500,8000,50,8000,4000,4000,0
301,1000,5,1,1979-05-28 00:00:00,2,5,3,0,0,1,999,0,0,19,7500,2,1,3500,0,5,10000,2000,58,0,0,1000,85,1000,4000,1000,1085
302,1000,21,1,1982-12-16 00:00:00,2,5,3,0,0,1,2,0,0,15,14000,2,1,7000,0,0,0,0,36,1.43,500,8000,50,8000,1000,1000,0
303,1800,29,1,1990-06-15 00:00:00,3,3,2,0,0,3,999,0,0,10,10000,2,1,5000,1,7,3000,4000,32,1.8,500,8000,50,8000,1800,1800,2757.2
304,3700,30,1,1985-09-18 00:00:00,1,5,1,0,0,1,1,0,0,10,40000,1,1,15000,0,2,0,13000,35,1.53,500,8000,50,8000,5000,5000,0
305,500,30,1,1995-07-20 00:00:00,1,4,1,1,0,1,999,0,0,4,15000,1,1,2000,1,2,2000,600,36,1.43,500,8000,50,8000,12000,8000,0
306,900,8,1,1986-10-30 00:00:00,1,5,3,0,0,1,2,0,0,3,6000,2,1,1000,0,0,0,0,61,0,0,900,120,900,8000,900,0
307,5000,22,1,1995-10-30 00:00:00,1,5,4,0,0,1,1,0,0,1,10000,1,1,12000,0,0,0,0,32,1.8,500,8000,50,8000,8000,8000,0
308,1000,15,1,1994-12-30 00:00:00,2,3,3,0,0,1,999,0,0,3,7700,2,1,5500,0,0,0,0,30,1.8,500,4000,50,4000,1000,1000,1302
309,2500,28,1,1986-09-29 00:00:00,1,5,4,0,0,1,999,0,0,15,10000,1,1,4000,0,0,0,0,31,1.8,500,5500,50,5500,2500,2500,3765
310,1000,30,2,1996-06-16 00:00:00,1,4,2,0,0,1,1,0,0,1,9000,2,1,7000,0,2,3000,1500,10,1.9,500,8000,50,8000,3500,3500,0
311,1000,28,2,1983-11-11 00:00:00,2,5,1,1,0,3,999,0,0,4,9000,2,1,4000,1,1,0,1000,30,1.8,500,4000,50,4000,1000,1000,0
312,500,30,1,1994-08-31 00:00:00,2,3,3,0,0,1,999,0,0,6,9600,1,1,3000,1,3,4200,1500,30,1.8,500,4000,50,4000,3000,3000,811
313,2400,5,1,1975-06-26 00:00:00,2,3,1,1,0,1,999,0,0,25,6000,2,1,1000,0,0,0,0,22,1.8,500,8000,50,8000,12600,8000,0
314,900,20,1,1994-02-04 00:00:00,1,3,3,0,0,2,999,0,0,6,10000,1,1,4000,0,0,0,0,2,1.8,500,8000,50,8000,900,900,0
315,1550,30,2,1982-07-21 00:00:00,4,5,3,0,0,3,999,0,0,5,14000,2,1,4000,0,0,0,0,35,1.53,500,8000,50,8000,3100,3100,0
316,1000,5,1,1993-03-11 00:00:00,2,3,3,0,0,1,999,0,0,8,7500,2,1,4500,0,1,3000,400,30,1.8,500,4000,50,4000,1000,1000,1122
317,4500,30,1,1991-08-11 00:00:00,1,3,1,0,0,1,999,0,0,8,12000,1,1,1500,0,0,0,0,32,1.8,500,8000,50,8000,4500,4500,6930
318,3500,11,1,1986-04-19 00:00:00,1,5,3,0,0,1,999,0,0,10,10000,1,1,6000,0,0,0,0,2,1.8,500,8000,50,8000,8400,8000,0
319,1500,29,2,1987-12-26 00:00:00,2,3,2,0,0,3,0,0,0,1,10000,2,1,2000,1,6,13000,1500,36,1.43,500,8000,50,8000,1500,1500,2150.6
320,1000,30,2,2000-01-21 00:00:00,1,3,3,0,0,3,0,0,0,2,7000,2,4,2500,0,3,5000,1000,30,1.8,500,4000,50,4000,1000,1000,0
321,1500,10,2,1999-05-20 00:00:00,1,3,3,0,0,1,999,0,0,2,6000,2,1,4000,1,1,0,300,59,0,0,1500,220,1500,3000,1500,0
322,400,18,1,1988-03-24 00:00:00,1,3,4,1,0,1,999,0,0,6,9000,1,1,5000,0,0,0,0,2,1.8,500,8000,50,8000,400,400,0
323,1000,15,1,1980-09-25 00:00:00,2,5,3,0,0,1,2,0,0,10,30000,1,1,7500,1,2,11000,11000,10,1.9,500,8000,50,8000,1000,1000,1316
324,5000,8,2,1973-11-25 00:00:00,1,5,1,0,0,1,999,0,0,26,11500,2,1,3500,1,0,0,0,25,1.8,500,5000,50,5000,5000,5000,0
325,500,30,2,1996-02-08 00:00:00,2,2,3,0,0,7,0,0,0,0,18000,1,999,8000,0,0,0,0,2,1.8,500,8000,50,8000,500,500,0
326,1500,30,2,1990-06-18 00:00:00,3,5,1,0,0,3,0,0,0,5,5000,2,999,5000,1,0,0,0,35,1.53,500,8000,50,8000,3000,3000,0
327,2000,27,1,1995-07-06 00:00:00,1,3,1,0,0,1,999,0,0,4,11000,2,1,12000,0,0,0,0,35,1.53,500,8000,50,8000,2000,2000,0
328,1000,15,1,1990-10-25 00:00:00,1,2,2,0,0,3,999,0,0,7,9100,2,1,5600,1,1,1200,0,30,1.8,500,4000,50,4000,1000,1000,0
329,2000,14,1,1998-10-16 00:00:00,1,4,2,0,0,6,0,0,0,4,12500,2,1,3500,1,4,600,3500,64,0,0,2000,450,2000,3000,2000,2450
330,1000,30,1,2000-08-16 00:00:00,1,2,2,1,0,3,999,0,0,2,12000,2,1,4000,1,0,0,0,10,1.9,500,8000,50,8000,3000,3000,1591
331,1500,10,1,1979-11-17 00:00:00,1,4,2,0,0,4,0,0,0,18,12000,1,1,4000,0,0,0,0,59,0,0,1500,220,1500,4000,1500,0
332,1000,30,1,1983-11-19 00:00:00,2,3,1,1,1,1,999,0,0,5,10000,2,1,4500,1,0,0,0,30,1.8,500,4000,50,4000,4000,4000,0
333,2000,30,1,1997-07-05 00:00:00,1,5,3,0,0,1,1,0,0,1,8500,1,1,5000,0,0,0,0,35,1.53,500,8000,50,8000,2000,2000,2937.4
334,1800,14,1,1983-09-29 00:00:00,3,3,1,0,1,1,0,0,0,6,10000,2,1,2500,0,0,0,0,32,1.8,500,8000,50,8000,1800,1800,0
335,1350,30,1,1994-09-06 00:00:00,1,4,4,0,0,4,0,0,0,2,6000,2,1,2000,0,0,0,0,35,1.53,500,8000,50,8000,2500,2500,0
336,3000,30,2,1995-05-09 00:00:00,1,4,3,0,0,1,2,0,0,4,12500,2,1,4500,0,2,4000,600,31,1.8,500,5500,50,5500,3000,3000,0
337,2000,30,1,1997-04-13 00:00:00,1,5,3,0,0,3,999,0,0,3,8000,1,1,3000,0,2,3400,1000,10,1.9,500,8000,50,8000,2500,2500,0
338,2500,30,2,1986-02-05 00:00:00,3,3,3,0,0,4,0,0,0,7,5500,1,5,1500,1,4,3000,200,36,1.43,500,8000,50,8000,2500,2500,0
339,1000,17,1,1998-06-07 00:00:00,1,2,3,0,0,1,0,0,0,2,12000,1,1,3000,1,2,0,3000,30,1.8,500,4000,50,4000,1000,1000,0
340,2500,16,2,1967-12-01 00:00:00,2,5,1,1,1,3,1,0,0,22,12000,2,2,7500,0,0,0,0,10,1.9,500,8000,50,8000,2500,2500,0
341,3000,20,2,1976-11-25 00:00:00,2,4,2,0,0,1,1,0,0,14,25000,2,999,5000,0,10,50000,5000,35,1.53,500,8000,50,8000,3500,3500,0
342,1100,15,1,1997-01-09 00:00:00,1,3,4,0,0,1,999,0,0,3,13000,2,1,12000,0,3,6000,7000,10,1.9,500,8000,50,8000,3500,3500,0
343,600,30,2,1986-10-07 00:00:00,2,2,1,1,0,1,999,0,0,13,9000,1,1,3000,1,1,1000,100,32,1.8,500,8000,50,8000,4500,4500,0
344,700,30,2,1995-10-08 00:00:00,2,2,3,0,0,1,999,0,0,2,8000,2,1,2000,0,0,0,0,35,1.53,500,8000,50,8000,700,700,0
345,1500,9,2,1981-09-06 00:00:00,4,5,4,0,0,4,0,0,0,7,13000,2,5,6000,0,3,13000,3000,31,1.8,500,5500,50,5500,1500,1500,0
346,800,30,1,1997-04-18 00:00:00,1,3,3,0,0,3,0,0,0,5,7300,1,999,4000,0,1,0,200,10,1.9,500,8000,50,8000,1000,1000,0
347,1000,30,1,1995-01-21 00:00:00,1,5,3,0,0,1,0,0,0,2,11000,1,1,2000,1,2,4000,800,31,1.8,500,5500,50,5500,5000,5000,1572
348,500,14,2,1979-04-18 00:00:00,3,5,1,0,0,1,2,0,0,3,11000,2,1,4500,0,3,4000,680,2,1.8,500,8000,50,8000,500,500,0
349,4000,30,2,1999-02-15 00:00:00,1,4,1,0,0,1,1,0,0,2,9760,2,1,2000,0,0,0,0,10,1.9,500,8000,50,8000,4000,4000,0
350,900,30,2,1985-02-16 00:00:00,2,3,3,0,0,3,999,0,0,13,6000,999,999,2500,1,4,20000,2000,2,1.8,500,8000,50,8000,900,900,0
351,1550,30,1,1991-12-10 00:00:00,2,3,2,0,0,3,2,0,0,5,11000,2,1,4500,1,1,2000,700,10,1.9,500,8000,50,8000,2500,2500,0
352,3000,30,1,1978-02-04 00:00:00,1,6,3,0,0,1,4,0,0,25,16000,2,999,4000,1,5,20000,4000,30,1.8,500,4000,50,4000,3000,3000,0
353,800,6,1,1982-11-10 00:00:00,1,3,3,0,0,1,2,0,0,8,9000,2,1,3000,1,3,15,6000,23,0.95,500,8000,50,8000,3000,3000,0
354,2500,30,1,1994-12-31 00:00:00,2,2,2,1,0,3,2,0,0,8,11000,1,1,4000,1,5,10000,2000,30,1.8,500,4000,50,4000,2500,2500,0
355,1000,30,1,1991-12-13 00:00:00,1,2,1,0,0,1,999,0,0,4,8700,1,1,1000,1,0,0,0,30,1.8,500,4000,50,4000,1000,1000,0
356,3500,30,2,1960-09-30 00:00:00,1,5,2,1,0,4,0,0,0,24,10000,1,2,6500,0,2,0,1500,35,1.53,500,8000,50,8000,3500,3500,0
357,1000,30,1,1999-09-23 00:00:00,1,2,3,0,0,6,0,0,0,3,8000,2,1,4500,0,0,0,0,10,1.9,500,8000,50,8000,1000,1000,0
358,3500,30,1,1988-12-28 00:00:00,2,3,3,0,1,1,999,0,0,10,10000,2,1,5000,0,0,0,0,36,1.43,500,8000,50,8000,3500,3500,0
359,1000,30,2,1973-11-07 00:00:00,3,3,1,0,0,4,0,0,0,5,10000,1,5,5000,0,1,500,500,35,1.53,500,8000,50,8000,1000,1000,0
360,3000,30,2,1986-10-04 00:00:00,1,5,4,0,0,1,999,0,0,8,8800,1,1,2000,0,1,1500,1500,31,1.8,500,5500,50,5500,3000,3000,0
361,3000,30,1,1997-05-05 00:00:00,1,4,2,0,1,1,1,0,0,3,5200,2,1,2300,0,1,1300,1500,31,1.8,500,5500,50,5500,5500,5500,0
362,1000,18,1,1999-01-06 00:00:00,1,1,3,0,0,1,999,0,0,1,6000,2,1,4000,1,0,0,0,10,1.9,500,8000,50,8000,1000,1000,1373
363,2000,14,1,1991-09-03 00:00:00,1,5,2,0,0,4,0,0,0,6,15000,2,1,5000,0,0,0,0,31,1.8,500,5500,50,5500,3500,3500,0
364,1500,30,1,1989-01-14 00:00:00,2,3,4,0,0,2,1,0,0,8,10000,1,1,5000,1,1,2000,500,32,1.8,500,8000,50,8000,8000,8000,0
365,2500,30,2,1994-07-16 00:00:00,1,3,1,1,0,1,999,0,0,4,7000,2,1,2000,1,0,0,0,31,1.8,500,5500,50,5500,2500,2500,0
366,300,12,1,1990-07-24 00:00:00,1,5,2,1,1,1,1,0,0,7,19000,1,1,5000,1,4,20000,1000,2,1.8,500,8000,50,8000,300,300,0
367,4000,30,1,1988-04-09 00:00:00,2,5,3,0,0,7,0,0,0,9,13000,2,999,5000,0,0,0,0,10,1.9,500,8000,50,8000,4000,4000,6280
368,4000,19,2,1994-07-01 00:00:00,2,4,3,0,0,2,0,0,0,6,5000,1,999,2000,1,2,6000,1000,32,1.8,500,8000,50,8000,4000,4000,0
369,1500,20,2,1994-12-17 00:00:00,1,5,3,0,0,3,999,0,0,3,8000,1,1,2000,1,0,0,0,10,1.9,500,8000,50,8000,1500,1500,0
370,3000,14,2,1985-07-15 00:00:00,3,3,1,1,1,2,1,0,0,10,15000,2,1,8000,1,2,0,3000,35,1.53,500,8000,50,8000,3000,3000,0
371,3000,15,2,1996-05-25 00:00:00,1,6,3,0,0,1,999,0,0,3,9000,2,1,2000,0,0,0,0,35,1.53,500,8000,50,8000,5500,5500,0
372,1000,15,1,1985-08-31 00:00:00,1,3,2,0,0,1,999,0,0,15,15000,2,1,9500,0,0,0,0,10,1.9,500,8000,50,8000,1000,1000,0
373,2500,7,1,1988-05-12 00:00:00,2,2,1,0,0,1,1,0,0,12,15000,1,1,7000,1,10,50000,5000,65,0,0,2500,290,2500,5500,2500,0
374,3000,16,1,1989-02-22 00:00:00,1,5,4,0,0,1,1,0,0,4,55000,1,1,40000,1,2,15000,0,31,1.8,500,5500,50,5500,3000,3000,0
375,1200,30,2,1999-02-06 00:00:00,1,2,3,0,0,3,2,0,0,0,6500,2,4,4000,0,0,0,0,30,1.8,500,4000,50,4000,1200,1200,0
376,2500,30,1,1994-01-26 00:00:00,1,3,4,0,0,1,999,0,0,1,8000,2,1,1500,1,0,0,0,31,1.8,500,5500,50,5500,2500,2500,3855
377,1000,30,1,1994-05-08 00:00:00,2,5,3,0,0,1,1,0,0,8,10000,1,1,6000,1,1,4000,1000,30,1.8,500,4000,50,4000,1000,1000,0
378,1700,12,1,1994-11-11 00:00:00,1,3,2,0,0,1,999,0,0,2,10000,1,1,5000,0,0,0,0,2,1.8,500,8000,50,8000,4600,4600,0
379,1000,30,1,1996-10-18 00:00:00,1,3,2,0,0,1,0,0,0,3,11000,1,1,8000,1,2,2000,500,36,1.43,500,8000,50,8000,1000,1000,0
380,900,20,1,2000-07-01 00:00:00,1,3,2,0,0,6,0,0,0,2,3500,2,1,1500,1,0,0,0,42,1.71,500,3500,50,3500,1500,1500,0
381,1150,30,1,1992-06-13 00:00:00,2,5,2,1,0,1,999,0,0,6,16800,1,1,5000,1,0,0,0,32,1.8,500,8000,50,8000,3000,3000,1750.3
382,2000,30,1,1987-01-30 00:00:00,2,3,3,0,0,1,999,0,0,13,11000,1,1,3000,1,3,4000,1500,10,1.9,500,8000,50,8000,3500,3500,0
383,500,14,2,1989-09-03 00:00:00,2,3,1,0,0,1,2,0,0,6,8200,2,1,3000,1,0,0,0,10,1.9,500,8000,50,8000,1500,1500,0
384,1000,15,1,1979-04-05 00:00:00,2,5,4,0,0,1,999,0,0,12,15000,2,1,5000,0,2,0,0,36,1.43,500,8000,50,8000,1000,1000,1250.2
385,3500,20,2,1985-06-16 00:00:00,2,5,3,0,0,1,2,0,0,7,19800,2,1,8000,1,0,0,0,10,1.9,500,8000,50,8000,4000,4000,4830
386,3500,30,2,1992-10-23 00:00:00,1,3,1,0,0,1,999,0,0,4,7500,2,4,3000,0,0,0,0,32,1.8,500,8000,50,8000,3500,3500,0
387,1000,16,2,1997-11-15 00:00:00,1,2,3,0,0,1,999,0,0,3,6000,2,1,1500,0,0,0,0,10,1.9,500,8000,50,8000,1000,1000,351
388,1000,14,1,1989-09-02 00:00:00,1,4,2,0,0,1,999,0,0,3,11200,1,1,1200,0,0,0,0,10,1.9,500,8000,50,8000,1500,1500,0
389,1000,3,1,2000-07-20 00:00:00,1,5,4,0,0,3,999,0,0,3,4500,2,1,1000,1,0,0,0,10,1.9,500,8000,50,8000,1000,1000,1088
390,1500,30,1,2000-09-25 00:00:00,1,2,3,0,0,4,0,0,0,18,15000,1,4,12000,0,1,1500,1504,31,1.8,500,5500,50,5500,5500,5500,0
391,2000,30,2,1995-10-13 00:00:00,1,3,3,0,0,1,0,0,0,4,21000,1,1,16000,0,1,10000,550,30,1.8,500,4000,50,4000,2000,2000,0
392,1800,26,2,1999-02-26 00:00:00,1,4,2,0,0,3,0,0,0,1,3500,1,1,3500,0,0,0,0,35,1.53,500,8000,50,8000,1800,1800,2538.5
393,3000,30,1,1997-07-05 00:00:00,1,3,3,0,0,1,999,0,0,3,8000,2,1,2000,0,0,0,0,31,1.8,500,5500,50,5500,3000,3000,0
394,1000,30,1,1998-10-22 00:00:00,1,2,2,0,0,3,999,0,0,2,8000,2,999,3000,0,0,0,0,12,1.33,500,3500,50,3500,3000,3000,1435.7
395,1000,15,1,1992-09-02 00:00:00,2,5,3,0,0,1,999,0,0,7,14000,2,1,3500,0,1,2000,100,35,1.53,500,8000,50,8000,1700,1700,1264.2
396,2500,17,1,1991-02-19 00:00:00,1,4,3,0,1,1,2,0,0,9,10000,2,1,3000,1,2,5000,2000,31,1.8,500,5500,50,5500,2500,2500,3805
397,1000,30,1,2000-09-02 00:00:00,1,4,3,0,0,6,0,0,0,2,9000,2,1,7564,1,0,0,0,30,1.8,500,4000,50,4000,1000,1000,0
398,1500,29,1,1985-09-03 00:00:00,1,5,4,0,0,3,2,0,0,15,15000,2,1,4000,1,0,0,700,30,1.8,500,4000,50,4000,1500,1500,2294
399,3000,30,2,1978-03-12 00:00:00,2,2,3,0,0,1,999,0,0,13,3000,2,1,1000,1,0,0,0,30,1.8,500,4000,50,4000,4000,4000,0
400,1500,16,1,1994-05-25 00:00:00,1,4,3,0,0,3,999,0,0,5,10000,2,1,5000,1,2,1000,500,31,1.8,500,5500,50,5500,1500,1500,0
401,5000,5,1,1985-09-16 00:00:00,3,5,1,1,1,1,2,0,0,9,16000,2,1,10000,1,1,1900,240,35,1.53,500,8000,50,8000,5000,5000,742.37
402,550,30,2,1993-11-03 00:00:00,1,4,2,0,0,3,999,0,0,2,4500,2,1,2000,1,0,0,0,2,1.8,500,8000,50,8000,1300,1300,0
403,4000,15,1,1996-03-15 00:00:00,1,5,3,0,0,1,999,0,0,4,10200,2,1,7000,0,0,0,0,31,1.8,500,5500,50,5500,4000,4000,5080
404,3000,30,2,1987-07-27 00:00:00,4,5,3,0,0,1,1,0,0,5,8000,1,999,4000,0,1,3000,500,31,1.8,500,5500,50,5500,3000,3000,0
405,1500,30,2,1989-08-03 00:00:00,3,2,3,0,0,3,999,0,0,8,10000,2,4,5000,0,1,325,325,36,1.43,500,8000,50,8000,1500,1500,0
406,3500,30,1,1997-07-01 00:00:00,1,5,3,0,0,1,0,0,0,3,15000,2,1,8000,1,0,0,0,10,1.9,500,8000,50,8000,3500,3500,5195
407,1000,30,1,1969-12-19 00:00:00,2,2,2,0,0,8,0,999,1,15,2000,1,1,10000,0,1,1000,600,35,1.53,500,8000,50,8000,1000,1000,0
408,1000,3,1,1984-07-20 00:00:00,2,4,3,0,1,3,1,0,0,12,8000,2,2,6500,0,0,0,0,10,1.9,500,8000,50,8000,1000,1000,1088
409,1800,30,1,1987-11-21 00:00:00,1,3,4,0,0,2,1,0,0,48,10000,2,1,5000,0,0,0,0,31,1.8,500,5500,50,5500,2000,2000,2789.6
410,1500,30,1,1997-09-11 00:00:00,1,3,3,0,0,1,3,0,0,2,9500,1,1,4000,0,0,0,0,36,1.43,500,8000,50,8000,1500,1500,0
411,3000,30,1,1993-04-13 00:00:00,1,5,4,0,0,3,999,0,0,7,15000,2,1,5500,0,0,0,0,30,1.8,500,4000,50,4000,3000,3000,4620
412,1000,28,2,1999-10-20 00:00:00,1,3,3,0,0,3,999,0,0,2,5000,2,1,1000,0,0,0,0,10,1.9,500,8000,50,8000,1000,1000,0
413,1000,30,1,1997-02-22 00:00:00,1,2,2,0,0,4,0,0,0,3,1000,999,4,3000,1,2,4000,1500,30,1.8,500,4000,50,4000,1000,1000,0
414,3050,8,1,1989-06-24 00:00:00,2,5,3,0,0,1,2,0,0,5,37000,2,1,3000,0,0,0,0,32,1.8,500,8000,50,8000,4000,4000,3104.9
415,3000,26,2,1994-10-14 00:00:00,2,3,4,0,0,1,1,0,0,1,3500,1,2,3500,0,0,0,0,31,1.8,500,5500,50,5500,3000,3000,0
416,500,30,2,1988-09-30 00:00:00,2,3,2,0,0,1,2,0,0,3,3100,2,1,31000,0,0,0,0,31,1.8,500,5500,50,5500,1500,1500,0
417,2000,13,1,1992-07-24 00:00:00,1,5,2,0,0,1,2,0,0,3,1100,2,1,2000,0,0,0,0,32,1.8,500,8000,50,8000,6000,6000,0
418,1000,30,2,1989-05-13 00:00:00,1,3,2,0,0,3,2,0,0,3,7000,1,4,3000,0,0,0,0,10,1.9,500,8000,50,8000,1000,1000,0
419,1500,15,1,1989-08-23 00:00:00,1,5,2,0,0,1,1,0,0,10,18000,1,1,10000,0,1,500,500,10,1.9,500,8000,50,8000,3500,3500,1949
420,2500,30,2,1980-08-27 00:00:00,3,2,3,0,0,1,999,0,0,3,9000,999,999,4000,0,3,0,2000,10,1.9,500,8000,50,8000,4000,4000,0
421,1000,15,2,1978-02-11 00:00:00,3,3,3,0,0,7,0,0,0,5,10000,2,4,7000,0,0,0,0,10,1.9,500,8000,50,8000,1500,1500,0
422,3500,30,1,1991-03-08 00:00:00,1,3,2,0,1,3,999,0,0,8,11000,1,1,6500,1,4,8000,2000,10,1.9,500,8000,50,8000,3500,3500,0
423,3500,30,1,1993-04-19 00:00:00,1,5,3,0,0,4,0,0,0,3,15700,2,999,3000,0,4,17000,5000,10,1.9,500,8000,50,8000,3500,3500,0
424,600,7,1,1970-06-29 00:00:00,1,3,3,0,0,1,999,0,0,13,5880,2,1,4500,0,2,5000,1060,10,1.9,500,8000,50,8000,1500,1500,718.4
425,1000,17,2,1989-05-28 00:00:00,3,2,1,0,0,7,0,0,0,3,9720,1,5,4500,0,1,0,500,31,1.8,500,5500,50,5500,1000,1000,0
426,800,11,2,1996-12-10 00:00:00,1,4,3,0,0,1,999,0,0,4,8000,2,1,3000,1,2,3000,700,25,1.8,500,5000,50,5000,5000,5000,0
427,1400,20,1,1983-09-08 00:00:00,1,3,2,0,0,3,0,0,0,10,8500,1,1,4000,0,0,0,0,30,1.8,500,4000,50,4000,1400,1400,1928.8
428,4000,30,2,1979-08-26 00:00:00,1,5,4,0,0,1,999,0,0,15,7300,2,1,2500,0,0,0,0,35,1.53,500,8000,50,8000,4000,4000,0
429,4000,10,1,1967-08-28 00:00:00,1,3,3,0,0,1,999,0,0,23,13000,2,1,6000,0,0,0,0,10,1.9,500,8000,50,8000,4000,4000,0
430,2500,30,1,1994-10-28 00:00:00,1,5,3,0,0,2,999,0,0,3,13000,2,1,8000,0,0,0,0,10,1.9,500,8000,50,8000,2500,2500,0
431,5000,30,2,1983-12-15 00:00:00,1,5,1,1,0,3,999,0,0,8,10000,999,999,3000,1,1,2000,500,35,1.53,500,8000,50,8000,8000,8000,0
432,6000,30,1,1988-10-26 00:00:00,1,4,1,0,0,3,999,0,0,9,10000,2,1,7000,1,1,1000,1000,2,1.8,500,8000,50,8000,6000,6000,0
433,8000,15,1,1975-04-17 00:00:00,3,6,2,0,0,1,2,0,0,19,18300,1,1,9300,1,2,0,1500,35,1.53,500,8000,50,8000,16000,8000,0
434,1000,9,2,1982-03-18 00:00:00,3,3,4,0,0,2,0,0,0,8,8000,2,1,4000,1,1,500,500,31,1.8,500,5500,50,5500,1800,1800,0
435,1000,5,1,2000-09-25 00:00:00,1,2,3,0,0,3,999,0,0,2,10000,1,1,6000,0,0,0,0,30,1.8,500,4000,50,4000,1000,1000,0
436,3300,30,1,1993-08-12 00:00:00,1,5,1,0,0,3,2,0,0,2,8000,2,1,5000,0,0,0,0,2,1.8,500,8000,50,8000,3300,3300,0
437,1000,30,1,1981-05-25 00:00:00,2,5,3,0,0,4,2,0,0,15,12000,1,1,7000,1,3,5000,5000,30,1.8,500,4000,50,4000,1000,1000,0
438,1000,30,1,1983-04-01 00:00:00,3,2,3,0,0,1,999,0,0,15,20000,2,1,5000,0,2,2000,2000,10,1.9,500,8000,50,8000,1000,1000,0
439,1000,29,1,1990-10-08 00:00:00,1,4,3,0,0,1,999,0,0,3,7000,1,1,4000,0,0,0,0,10,1.9,500,8000,50,8000,1000,1000,0
440,1500,30,1,1998-10-31 00:00:00,1,3,3,0,0,3,999,0,0,2,9000,2,1,3000,0,0,0,0,10,1.9,500,8000,50,8000,1500,1500,0
441,3500,26,1,1992-10-12 00:00:00,2,4,1,0,0,1,2,0,0,4,16000,2,999,6000,0,8000,0,2500,30,1.8,500,4000,50,4000,3500,3500,0
442,650,17,1,1994-07-23 00:00:00,1,3,1,0,0,4,2,0,0,4,10500,2,1,5000,0,0,0,0,30,1.8,500,4000,50,4000,3000,3000,0
443,1800,30,1,1990-04-18 00:00:00,1,4,1,0,0,1,999,0,0,5,9000,2,1,2500,0,0,0,0,32,1.8,500,8000,50,8000,1800,1800,0
444,2500,30,2,1994-05-21 00:00:00,1,5,3,0,0,1,3,0,0,3,7000,2,1,3000,0,0,0,0,10,1.9,500,8000,50,8000,2500,2500,0
445,1000,3,1,1993-06-28 00:00:00,1,5,3,0,0,8,0,1,0,4,34000,1,1,10000,1,0,0,0,32,1.8,500,8000,50,8000,8000,8000,0
446,1000,30,2,1992-09-06 00:00:00,2,5,2,0,0,1,999,0,0,8,9000,2,1,1900,0,0,0,0,35,1.53,500,8000,50,8000,7800,7800,0
447,1050,15,2,1995-07-18 00:00:00,2,3,2,0,0,4,0,0,0,3,6000,2,4,3000,1,1,1000,8000,10,1.9,500,8000,50,8000,2500,2500,0
448,500,30,1,1996-12-05 00:00:00,1,5,4,0,0,6,0,0,0,0,7000,2,4,4000,0,0,0,0,31,1.8,500,5500,50,5500,2000,2000,0
449,5000,17,1,1963-09-04 00:00:00,2,5,1,0,0,1,2,0,0,34,8000,2,1,5000,0,5,4000,1000,32,1.8,500,8000,50,8000,5000,5000,0
450,1000,30,1,1987-01-06 00:00:00,1,5,2,0,0,1,999,0,0,10,25000,2,1,6000,1,5,15000,2000,10,1.9,500,8000,50,8000,1000,1000,1601
451,600,30,2,1985-03-27 00:00:00,4,3,1,1,0,1,1,0,0,5,10000,2,1,4000,0,4,0,4000,2,1.8,500,8000,50,8000,600,600,0
452,3500,29,2,1998-09-22 00:00:00,1,3,3,0,0,2,2,0,0,1,8000,2,1,6000,0,0,0,0,32,1.8,500,8000,50,8000,3500,3500,0
453,1500,20,1,1984-09-23 00:00:00,1,4,2,1,0,4,0,0,0,10,15000,2,2,5000,0,1,0,2500,31,1.8,500,5500,50,5500,1500,1500,0
454,3800,30,2,1971-04-06 00:00:00,1,5,1,0,1,1,2,0,0,20,9000,2,1,5000,0,0,0,0,2,1.8,500,8000,50,8000,3800,3800,0
455,1000,18,1,1990-10-25 00:00:00,1,2,2,0,0,3,999,0,0,7,9100,2,1,5600,1,1,1200,0,31,1.8,500,5500,50,5500,1000,1000,0
456,1600,30,2,1991-07-09 00:00:00,1,5,1,0,0,1,2,0,0,8,18000,2,1,4000,1,0,0,0,10,1.9,500,8000,50,8000,2500,2500,2531.6
457,1050,14,1,1998-03-04 00:00:00,1,3,2,0,0,1,999,0,0,4,8000,2,1,8000,0,500,1000,500,12,1.33,500,3500,50,3500,4000,3500,0
458,1500,3,2,1985-10-20 00:00:00,1,3,3,0,0,1,999,0,0,10,9200,2,1,2000,1,0,0,0,10,1.9,500,8000,50,8000,1500,1500,0
459,4000,30,2,1978-04-15 00:00:00,2,5,2,0,0,8,0,999,0,20,8500,2,999,5000,0,3,20000,500,30,1.8,500,4000,50,4000,4000,4000,0
460,3500,26,1,1991-11-18 00:00:00,1,5,3,0,0,2,2,0,0,5,7000,2,2,4000,1,3,1000,200,12,1.33,500,3500,50,3500,4000,3500,0
461,2000,7,2,1989-02-28 00:00:00,2,5,3,0,1,1,999,0,0,13,14000,2,1,4000,0,0,0,0,35,1.53,500,8000,50,8000,2500,2500,0
462,1500,30,2,1987-11-16 00:00:00,2,3,2,0,1,1,999,0,0,13,7500,2,2,8000,0,0,0,0,31,1.8,500,5500,50,5500,1500,1500,0
463,4000,30,2,1995-11-05 00:00:00,1,5,2,0,0,8,0,1,1,3,38000,1,1,10000,1,4,20000,30000,30,1.8,500,4000,50,4000,4000,4000,6160
464,2000,30,2,1991-01-03 00:00:00,1,5,4,0,0,1,999,0,0,5,9000,1,1,1500,1,0,0,0,30,1.8,500,4000,50,4000,2000,2000,0
465,3000,30,2,1988-04-25 00:00:00,1,5,3,0,0,3,999,0,0,12,10000,1,4,10000,1,2,9000,430,35,1.53,500,8000,50,8000,12900,8000,0
466,1000,30,1,1996-01-16 00:00:00,1,2,3,0,1,3,999,0,0,2,9000,1,1,3500,0,4,13000,3000,10,1.9,500,8000,50,8000,1000,1000,0
467,800,15,1,1982-10-01 00:00:00,2,5,4,0,0,1,1,0,0,16,14000,2,1,8000,0,2,0,2000,2,1.8,500,8000,50,8000,800,800,0
468,1600,7,1,1987-09-05 00:00:00,1,5,4,1,0,1,999,0,0,11,85000,1,1,60000,1,3,8000,5000,31,1.8,500,5500,50,5500,3500,3500,0
469,1000,8,1,1992-08-24 00:00:00,1,4,3,0,0,4,0,0,0,6,10000,1,1,3500,1,0,0,0,35,1.53,500,8000,50,8000,7300,7300,0
470,1500,30,1,1996-06-12 00:00:00,1,5,3,0,0,3,0,0,0,1,4500,1,1,1800,1,0,0,0,32,1.8,500,8000,50,8000,8000,8000,0
471,2500,30,1,1991-08-26 00:00:00,1,3,3,0,0,3,999,0,0,6,6900,1,1,1000,1,1,0,175,31,1.8,500,5500,50,5500,2500,2500,0
472,1400,12,1,2000-03-16 00:00:00,1,4,3,0,0,6,0,0,0,1,3500,1,4,1700,1,1,2000,450,62,0,0,1400,250,1400,4000,1400,0
473,500,30,1,1991-09-15 00:00:00,2,2,2,1,0,3,999,0,0,7,15000,2,999,4000,1,5,40000,4000,32,1.8,500,8000,50,8000,8000,8000,0
474,8000,21,2,1994-08-17 00:00:00,2,5,3,0,0,1,4,0,0,3,9000,2,1,6000,0,7,80000,2000,2,1.8,500,8000,50,8000,10500,8000,12320
475,8000,30,1,1988-02-24 00:00:00,1,5,1,0,0,4,4,0,0,10,5000,2,1,1500,0,2,4000,500,32,1.8,500,8000,50,8000,8000,8000,0
476,8000,3,1,1998-10-26 00:00:00,1,4,4,0,1,1,2,0,0,2,15000,1,1,4000,1,1,1545,565,32,1.8,500,8000,50,8000,8000,8000,0
477,4000,30,1,1988-06-28 00:00:00,1,5,2,0,0,3,999,0,0,9,12000,2,1,3000,1,0,0,0,10,1.9,500,8000,50,8000,4000,4000,0
478,3000,30,2,1992-07-23 00:00:00,1,5,3,0,0,1,999,0,0,8,15000,2,999,1000,1,3,50000,5000,35,1.53,500,8000,50,8000,3000,3000,4381.1
479,1000,24,1,1997-02-09 00:00:00,1,3,3,0,0,3,1,0,0,3,10000,1,1,6000,0,1,1000,500,10,1.9,500,8000,50,8000,1000,1000,0
480,1000,19,2,1998-07-02 00:00:00,1,3,4,0,0,1,1,0,0,2,7500,2,1,2300,0,0,0,0,10,1.9,500,8000,50,8000,2500,2500,0
481,1500,30,2,1996-10-25 00:00:00,1,4,4,0,0,1,999,0,0,3,6000,2,999,3500,0,0,0,0,31,1.8,500,5500,50,5500,1500,1500,0
482,2500,14,1,1996-12-01 00:00:00,1,5,3,0,0,6,0,0,0,1,7500,1,4,2500,1,1,0,0,10,1.9,500,8000,50,8000,2500,2500,3877.5
483,3000,30,2,1984-05-07 00:00:00,3,5,3,0,0,7,0,0,0,12,8000,2,5,3000,0,3,12000,5000,52,1.62,500,3000,50,3000,4000,3000,0
484,1500,30,2,1985-08-09 00:00:00,3,3,3,0,0,1,999,0,0,12,8000,2,1,3000,0,1,1000,620,30,1.8,500,4000,50,4000,1500,1500,2333
485,4000,8,1,2000-05-06 00:00:00,1,3,4,0,1,6,0,0,0,0,5000,2,4,3000,1,0,0,0,31,1.8,500,5500,50,5500,5500,5500,4504
486,1500,30,1,1989-10-24 00:00:00,1,2,3,0,0,4,0,0,0,13,7000,2,999,1000,0,1,5000,500,31,1.8,500,5500,50,5500,1500,1500,0
487,500,20,1,1992-11-17 00:00:00,1,3,3,0,0,1,999,0,0,3,12000,1,1,12000,0,0,0,0,2,1.8,500,8000,50,8000,500,500,0
488,1500,30,1,1996-01-05 00:00:00,1,3,3,0,0,3,999,0,0,2,15000,2,1,3000,0,2,3000,3000,31,1.8,500,5500,50,5500,1500,1500,2333
489,3000,7,1,1986-04-17 00:00:00,1,6,1,1,0,4,0,0,0,10,10000,2,2,8000,1,0,0,0,35,1.53,500,8000,50,8000,8000,8000,0
490,4500,30,2,1980-07-22 00:00:00,2,2,3,0,0,3,999,0,0,16,12000,2,999,1500,0,2,0,0,32,1.8,500,8000,50,8000,4500,4500,0
491,1000,30,2,1993-03-06 00:00:00,2,3,3,0,0,1,999,0,0,3,10000,1,1,3000,0,0,0,0,10,1.9,500,8000,50,8000,2000,2000,0
492,1000,8,2,1998-01-29 00:00:00,1,4,2,1,0,1,3,0,0,1,6500,2,1,4500,0,0,0,0,10,1.9,500,8000,50,8000,3000,3000,0
493,2000,20,2,1990-08-21 00:00:00,2,5,1,0,1,1,3,0,0,5,11800,2,2,3600,0,0,0,0,31,1.8,500,5500,50,5500,3500,3500,0
494,1000,15,1,1967-01-02 00:00:00,3,5,3,0,0,1,2,0,0,25,12000,2,1,6000,1,0,0,0,10,1.9,500,8000,50,8000,1000,1000,0
495,500,3,2,1997-04-01 00:00:00,2,2,3,0,0,3,1,0,0,1,15000,999,999,5000,0,0,0,0,10,1.9,500,8000,50,8000,1500,1500,0
496,2500,30,2,1996-06-02 00:00:00,1,3,2,0,0,1,1,0,0,5,8000,2,1,2500,1,2,1300,800,36,1.43,500,8000,50,8000,2500,2500,0
497,1050,14,1,1989-01-18 00:00:00,1,4,3,0,0,3,999,0,0,6,15000,1,1,3500,1,3,3000,3500,31,1.8,500,5500,50,5500,3500,3500,1345.7
498,1300,4,1,1993-02-24 00:00:00,2,3,1,0,0,1,2,0,0,3,12000,2,1,10000,0,0,0,0,32,1.8,500,8000,50,8000,5000,5000,0
